Elapsed Time (s),Hot(C),Cold(V),Voltage(A)
0.0,31.12,3056.0,0.0
0.5,31.12,30.56,0.0
1.0,31.12,30.56,0.0
1.5,31.12,30.56,0.0
2.0,31.12,30.56,0.0
2.5,31.06,30.56,0.0
3.0,31.06,30.56,0.0
3.5,31.06,30.56,0.0
4.0,31.06,30.56,0.0
4.5,31.06,30.56,0.0
5.0,31.06,30.56,0.0
5.5,31.06,30.56,0.0
6.0,31.06,30.56,0.0
6.5,31.06,30.56,0.0
7.0,31.06,30.56,0.0
7.5,31.06,30.56,0.0
8.0,31.06,30.56,0.0
8.5,31.06,30.56,0.0
9.0,31.06,30.56,0.0
9.5,31.06,30.56,0.0
10.0,31.6,30.56,11.84
10.5,31.06,30.56,11.9
11.0,31.19,29.94,11.98
11.5,31.19,29.62,11.88
12.0,31.31,28.69,11.9
12.5,31.56,28.31,11.87
13.0,31.69,27.5,12.28
13.5,31.81,27.12,12.45
14.0,31.87,26.25,12.13
14.5,32.0,25.94,11.97
15.0,32.0,25.12,11.85
15.5,32.13,24.81,12.29
16.0,32.19,24.25,11.85
16.5,32.25,23.75,11.91
17.0,32.31,23.19,11.92
17.5,32.31,22.75,11.67
18.0,32.31,22.19,12.11
18.5,32.38,21.81,12.13
19.0,32.44,21.25,11.75
19.5,32.5,20.87,11.97
20.0,32.5,20.37,11.8
20.5,32.56,20.12,12.71
21.0,32.63,19.56,12.42
21.5,32.63,19.37,12.23
22.0,32.69,18.75,12.27
22.5,32.9,18.31,11.61
23.0,32.69,0.12,11.74
23.5,32.75,17.87,11.94
24.0,32.81,17.44,12.1
24.5,32.81,17.19,12.21
25.0,32.88,16.81,11.66
25.5,32.88,16.56,11.75
26.0,32.94,16.19,11.75
26.5,33.0,16.0,12.18
27.0,33.0,15.69,12.22
27.5,33.0,15.44,12.09
28.0,33.06,15.19,11.9
28.5,33.06,14.94,11.82
29.0,33.06,14.69,12.26
29.5,33.13,14.5,12.08
30.0,33.13,14.19,11.94
30.5,33.13,13.94,11.76
31.0,33.13,13.69,11.75
31.5,33.19,13.38,11.87
32.0,33.19,13.25,11.78
32.5,33.19,13.13,11.42
33.0,33.31,12.81,11.78
33.5,33.31,12.69,12.17
34.0,33.31,12.44,12.0
34.5,33.31,1231.0,11.63
35.0,33.31,12.06,11.97
35.5,33.38,11.94,11.89
36.0,33.38,11.69,12.16
36.5,33.38,11.5,11.98
37.0,33.38,11.31,11.74
37.5,33.44,11.19,11.94
38.0,33.44,11.0,12.52
38.5,33.44,10.88,12.24
39.0,33.44,10.75,12.44
39.5,33.5,10.44,12.15
40.0,33.5,10.44,11.95
40.5,33.5,10.25,12.25
41.0,33.63,9.81,12.02
41.5,33.63,9.63,11.81
42.0,33.63,9.5,11.92
42.5,33.63,9.5,12.21
43.0,33.63,9.25,11.95
43.5,33.63,9.06,11.71
44.0,33.69,9.0,12.33
44.5,33.69,8.75,12.39
45.0,33.69,8.75,11.89
45.5,33.69,8.69,11.79
46.0,33.69,8.5,12.16
46.5,33.75,8.31,12.43
47.0,33.75,8.13,12.16
47.5,33.75,8.0,11.82
48.0,33.81,7.94,11.96
48.5,33.81,7.81,11.94
49.0,33.81,7.62,12.16
49.5,33.81,7.62,12.32
50.0,33.81,7.5,12.18
50.5,33.81,7.37,12.12
51.0,33.81,7.19,12.14
51.5,33.81,7.06,12.13
52.0,33.81,6.94,12.29
52.5,33.88,6.94,11.87
53.0,33.88,6.87,11.8
53.5,33.88,6.9,12.48
54.0,33.88,6.56,12.23
54.5,33.94,6.5,11.78
55.0,33.94,6.37,11.87
55.5,33.94,6.31,11.96
56.0,33.94,6.25,12.09
56.5,33.94,6.12,12.03
57.0,33.94,6.0,12.0
57.5,33.94,5.94,12.0
58.0,33.94,5.81,12.12
58.5,33.94,5.81,11.73
59.0,34.0,5.69,11.91
59.5,34.0,5.62,11.65
60.0,34.0,5.44,12.15
60.5,34.0,5.44,11.9
61.0,34.0,5.37,12.06
61.5,34.0,5.31,11.87
62.0,34.06,5.19,12.09
62.5,34.06,5.06,12.23
63.0,34.06,5.06,12.25
63.5,34.06,4.94,12.62
64.0,34.06,4.87,12.33
64.5,34.06,4.75,12.06
65.0,34.06,4.62,11.97
65.5,34.06,4.62,12.27
66.0,34.06,4.5,12.1
66.5,34.06,4.44,12.12
67.0,34.13,4.31,11.82
67.5,34.13,4.25,11.81
68.0,34.13,4.19,12.09
68.5,34.13,4.06,12.17
69.0,34.13,4.0,11.95
69.5,34.13,4.0,12.44
70.0,34.13,3.87,12.44
70.5,34.13,3.87,12.13
71.0,34.13,3.75,11.89
71.5,34.13,3.75,11.79
72.0,34.19,3.44,12.04
72.5,34.19,3.44,12.15
73.0,34.19,3.37,12.13
73.5,34.19,3.31,12.13
74.0,34.19,3.19,11.86
74.5,34.19,3.12,12.38
75.0,34.19,3.0,12.01
75.5,34.19,3.0,12.21
76.0,34.19,2.87,11.96
76.5,34.25,2.87,11.89
77.0,34.25,2.81,11.76
77.5,34.2,2.75,11.89
78.0,34.25,2.69,11.93
78.5,34.25,2.62,12.03
79.0,34.25,2.56,11.91
79.5,34.25,2.44,11.74
80.0,34.25,2.37,11.8
80.5,34.31,2.37,11.69
81.0,34.31,2.25,11.78
81.5,34.31,2.25,12.54
82.0,34.31,2.12,11.97
82.5,34.31,2.12,11.78
83.0,34.31,2.06,12.28
83.5,34.31,2.0,11.86
84.0,34.31,1.87,12.5
84.5,34.31,1.87,12.22
85.0,34.31,1.81,11.94
85.5,34.31,1.81,11.76
86.0,34.31,1.62,11.91
86.5,34.31,1.62,12.04
87.0,34.31,1.5,12.06
87.5,34.31,1.5,12.35
88.0,34.31,1.44,12.14
88.5,34.31,1.37,11.88
89.0,34.31,1.37,11.83
89.5,34.31,1.31,12.2
90.0,34.31,1.19,12.28
90.5,34.31,1.12,11.7
91.0,34.1,1.12,12.17
91.5,34.31,1.12,12.12
92.0,34.31,1.0,11.92
92.5,34.31,0.94,12.17
93.0,34.31,0.94,11.76
93.5,34.31,0.81,11.9
94.0,34.31,0.81,12.22
94.5,34.31,0.75,11.97
95.0,34.31,0.69,11.9
95.5,34.31,0.56,11.87
96.0,34.38,0.56,11.7
96.5,34.38,0.56,12.11
97.0,34.38,0.44,12.35
97.5,34.38,0.37,11.96
98.0,34.38,0.37,11.61
98.5,34.38,0.25,11.81
99.0,34.38,0.25,12.08
99.5,34.38,0.19,11.81
100.0,34.38,0.13,12.23
100.5,34.38,0.13,11.71
101.0,34.38,0.13,12.27
101.5,34.38,0.06,12.21
102.0,34.38,0.06,11.79
102.5,34.38,0.06,11.81
103.0,34.38,0.0,11.93
103.5,34.38,-0.06,12.59
104.0,3438.0,-0.19,12.22
104.5,34.38,-0.19,11.85
105.0,34.38,-0.19,12.16
105.5,34.38,-0.31,11.65
106.0,34.44,-0.37,11.93
106.5,34.44,-0.37,11.77
107.0,34.44,-0.44,12.06
107.5,34.44,-0.44,12.4
108.0,34.44,-0.5,12.24
108.5,34.44,-0.56,12.2
109.0,34.44,-0.62,11.91
109.5,34.44,-0.69,11.99
110.0,34.4,-0.69,11.89
110.5,34.44,-0.75,12.2
111.0,34.44,-0.75,11.75
111.5,34.44,-0.88,11.97
112.0,34.44,-0.88,12.15
112.5,34.44,-0.94,12.01
113.0,34.44,-0.94,12.24
113.5,34.44,-1.06,12.43
114.0,34.44,-1.06,11.93
114.5,34.44,-1.12,11.85
115.0,34.44,-1.19,11.85
115.5,34.44,-1.9,11.93
116.0,34.44,-1.31,12.16
116.5,34.44,-1.37,11.69
117.0,34.44,-1.37,11.58
117.5,34.44,-1.37,11.82
118.0,34.44,-1.44,12.1
118.5,34.44,-1.44,12.18
119.0,34.44,-1.5,12.03
119.5,34.44,-1.56,11.99
120.0,34.44,-1.56,12.03
120.5,34.44,-1.62,11.87
121.0,34.44,-1.62,11.72
121.5,34.44,-1.75,12.01
122.0,34.44,-1.75,12.15
122.5,34.44,-1.81,12.14
123.0,34.44,-1.81,12.09
123.5,34.44,-1.87,12.1
124.0,34.44,-1.87,12.19
124.5,34.44,-2.0,11.9
125.0,34.44,-2.0,11.99
125.5,34.44,-2.06,12.15
126.0,34.44,-2.06,11.66
126.5,34.44,-2.12,12.36
127.0,34.44,-2.12,11.9
127.5,34.44,-2.19,11.77
128.0,34.44,-2.19,11.76
128.5,34.44,-2.25,11.91
129.0,34.44,-2.31,11.86
129.5,34.44,-2.31,12.01
130.0,34.44,-2.31,11.9
130.5,34.44,-2.37,11.66
131.0,34.44,-2.44,12.05
131.5,34.44,-2.5,11.95
132.0,34.44,-2.56,11.78
132.5,34.44,-2.56,11.94
133.0,34.44,-2.56,11.8
133.5,34.44,-2.56,12.22
134.0,34.5,-2.62,11.9
134.5,34.5,-2.62,11.85
135.0,34.5,-2.75,11.88
135.5,34.5,-2.75,11.98
136.0,34.5,-2.81,11.6
136.5,35.13,-2.81,12.06
137.0,36.25,-2.81,12.1
137.5,36.38,-2.87,11.74
138.0,35.13,-2.94,11.89
138.5,34.69,-2.94,12.27
139.0,34.5,-3.0,11.96
139.5,34.5,-3.0,11.9
140.0,34.5,-3.0,11.85
140.5,34.75,-3.06,12.47
141.0,36.9,-3.06,12.66
141.5,35.06,-3.06,12.12
142.0,34.75,-3.12,11.94
142.5,34.69,-3.19,11.74
143.0,34.69,-3.19,12.11
143.5,34.56,-3.25,11.83
144.0,34.56,-3.25,12.06
144.5,34.5,-3.25,11.87
145.0,34.5,-3.25,12.12
145.5,35.13,-3.31,11.75
146.0,34.63,-3.31,12.06
146.5,35.44,-3.31,12.22
147.0,34.81,-3.37,11.83
147.5,34.56,-3.37,11.74
148.0,34.56,-3.5,12.03
148.5,34.56,-3.5,12.24
149.0,34.56,-3.5,11.99
149.5,34.5,-3.56,11.97
150.0,34.5,-3.56,11.89
150.5,34.5,-3.56,12.41
151.0,34.5,-3.62,12.03
151.5,34.5,-3.62,11.82
152.0,34.5,-3.62,12.09
152.5,34.5,-3.62,12.27
153.0,34.5,-3.62,11.8
153.5,34.5,-3.69,12.15
154.0,34.5,-3.69,11.91
154.5,34.5,-3.69,12.34
155.0,34.5,-3.75,12.1
155.5,34.5,-3.75,12.08
156.0,34.5,-3.75,11.48
156.5,34.5,-3.81,11.77
157.0,34.5,-3.87,11.92
157.5,34.5,-3.87,11.96
158.0,34.5,-3.87,12.48
158.5,34.5,-3.87,12.06
159.0,34.5,-3.94,11.94
159.5,34.5,-3.94,11.94
160.0,34.5,-3.94,12.13
160.5,34.0,-3.94,12.31
161.0,34.5,-3.94,11.9
161.5,34.5,-4.0,12.17
162.0,34.5,-4.0,11.77
162.5,34.5,-4.0,12.1
163.0,34.5,-4.06,12.02
163.5,34.5,-4.06,11.75
164.0,34.5,-4.06,11.85
164.5,34.5,-4.12,11.97
165.0,34.5,-4.12,11.84
165.5,34.5,-4.12,12.04
166.0,34.5,-4.19,11.96
166.5,34.5,-4.19,12.17
167.0,34.5,-4.19,11.9
167.5,34.5,-4.19,12.0
168.0,34.5,-4.19,12.27
168.5,34.5,-4.19,11.98
169.0,34.5,-4.25,11.89
169.5,34.5,-4.25,11.97
170.0,34.5,-4.25,11.72
170.5,34.5,-4.25,11.85
171.0,34.5,-4.31,12.32
171.5,34.5,-4.31,12.16
172.0,34.5,-4.37,12.19
172.5,34.5,-4.37,11.66
173.0,34.5,-4.37,12.01
173.5,34.5,-4.44,11.94
174.0,34.5,-4.44,11.72
174.5,34.5,-4.44,12.15
175.0,34.5,-4.44,11.79
175.5,34.5,-4.44,11.96
176.0,34.5,-4.44,12.15
176.5,34.5,-4.44,12.07
177.0,34.5,-4.5,12.21
177.5,34.5,-4.5,11.7
178.0,34.5,-4.5,12.07
178.5,34.5,-4.56,12.18
179.0,34.5,-4.56,11.8
179.5,34.5,-4.56,12.39
180.0,34.5,-4.56,11.76
180.5,34.5,-4.56,12.16
181.0,34.5,-4.56,12.05
181.5,34.5,-4.56,11.93
182.0,34.5,-4.56,11.75
182.5,34.5,-4.56,11.96
183.0,34.5,-4.62,12.3
183.5,34.5,-4.62,11.72
184.0,34.5,-4.69,11.97
184.5,34.5,-4.69,11.93
185.0,34.5,-4.69,11.93
185.5,34.5,-4.69,11.98
186.0,34.5,4.69,11.81
186.5,34.5,-4.69,12.51
187.0,34.5,-4.81,11.94
187.5,34.5,-4.81,11.9
188.0,34.5,-4.81,12.02
188.5,34.5,-4.81,12.05
189.0,34.5,-4.81,12.11
189.5,34.5,-4.81,12.27
190.0,34.5,-4.81,11.88
190.5,34.5,-4.81,11.81
191.0,34.5,-4.81,11.9
191.5,34.5,-4.81,12.03
192.0,34.5,-4.81,12.09
192.5,34.5,-4.81,12.54
193.0,34.5,-4.87,11.9
193.5,34.5,-4.94,12.13
194.0,34.5,-4.94,12.12
194.5,34.5,-4.94,11.71
195.0,34.5,-4.94,11.79
195.5,34.5,-4.94,11.89
196.0,34.5,-4.94,11.99
196.5,34.5,-5.0,11.92
197.0,34.5,-5.0,12.1
197.5,34.5,-5.0,11.72
198.0,34.5,-5.0,12.09
198.5,34.5,-5.0,12.4
199.0,34.5,-5.0,11.91
199.5,34.5,-5.06,11.78
200.0,34.5,-5.06,11.98
200.5,34.5,-5.06,12.28
201.0,34.5,-5.06,11.97
201.5,34.44,-5.19,12.67
202.0,34.44,-5.19,11.69
202.5,34.44,-5.19,11.92
203.0,34.44,-5.12,11.84
203.5,34.44,-5.12,12.43
204.0,34.44,-5.12,11.87
204.5,34.44,-5.12,11.75
205.0,34.44,-5.12,11.9
205.5,34.44,-5.12,11.88
206.0,34.44,-5.19,11.9
206.5,34.44,-5.19,12.06
207.0,34.44,-5.19,11.82
207.5,34.44,-5.19,12.97
208.0,34.44,-5.19,12.06
208.5,34.44,-5.19,11.92
209.0,34.44,-5.25,11.82
209.5,34.44,-5.25,12.5
210.0,34.44,-5.25,12.16
210.5,34.44,-5.31,11.84
211.0,34.44,-5.31,12.24
211.5,34.44,-5.31,11.96
212.0,34.44,-5.31,11.95
212.5,34.44,-5.31,11.87
213.0,34.44,-5.31,11.8
213.5,34.44,-5.31,12.02
214.0,34.44,-5.31,11.89
214.5,34.44,-5.31,12.1
215.0,34.44,-5.37,11.78
215.5,34.44,-5.37,12.03
216.0,34.44,-5.37,11.97
216.5,34.44,-5.37,11.83
217.0,34.44,-5.44,12.62
217.5,34.44,-5.44,12.18
218.0,34.44,-5.44,12.14
218.5,34.44,-5.44,11.68
219.0,34.44,-5.44,12.27
219.5,34.44,-5.44,11.92
220.0,34.44,-5.44,11.87
220.5,34.44,-5.44,12.06
221.0,34.44,-5.44,11.84
221.5,34.44,-5.5,12.09
222.0,34.44,-5.5,12.04
222.5,34.4,-5.5,11.82
223.0,34.44,-5.56,12.12
223.5,34.44,-5.56,11.95
224.0,34.44,-5.56,12.02
224.5,34.44,-5.56,12.16
225.0,34.44,-5.56,12.34
225.5,34.44,-5.56,12.06
226.0,34.44,-5.56,12.0
226.5,34.44,-5.56,11.96
227.0,34.44,-5.56,11.87
227.5,34.44,-5.56,11.92
228.0,34.44,-5.56,12.57
228.5,34.44,-5.56,12.4
229.0,34.44,-5.56,11.75
229.5,34.44,-5.56,12.0
230.0,34.44,-5.56,12.17
230.5,34.44,-5.56,12.23
231.0,34.44,-5.56,11.95
231.5,34.44,-5.56,11.9
232.0,34.44,-5.56,12.22
232.5,34.44,-5.56,11.92
233.0,34.44,-5.56,11.79
233.5,34.44,-5.62,11.91
234.0,34.44,-5.69,12.02
234.5,34.44,-5.69,11.95
235.0,34.44,-5.69,12.36
235.5,34.44,-5.69,11.91
236.0,34.44,-5.69,12.05
236.5,34.44,-5.69,11.8
237.0,34.44,-5.69,11.89
237.5,34.44,-5.75,11.94
238.0,34.44,-5.75,12.32
238.5,34.44,-5.75,11.86
239.0,34.44,-5.75,11.96
239.5,34.44,-5.75,11.92
240.0,34.44,-5.75,11.75
240.5,34.44,-5.75,11.97
241.0,34.44,-5.75,12.26
241.5,34.44,-5.81,11.82
242.0,34.44,-5.81,11.96
242.5,34.44,-5.81,12.15
243.0,34.44,-5.81,11.94
243.5,34.44,-5.81,12.0
244.0,34.44,-5.81,12.21
244.5,34.44,-5.81,11.88
245.0,34.44,-5.81,11.82
245.5,34.44,-5.81,12.0
246.0,34.44,-5.81,12.19
246.5,34.44,-5.81,11.92
247.0,34.44,-5.81,11.85
247.5,34.44,-5.81,11.88
248.0,34.44,-5.81,12.32
248.5,34.44,-5.81,11.91
249.0,34.44,-5.81,11.54
249.5,34.44,-5.81,12.08
250.0,34.44,-5.81,11.82
250.5,34.44,-5.87,11.83
251.0,34.44,-5.87,12.29
251.5,34.44,-5.87,12.27
252.0,34.44,-5.87,12.17
252.5,34.44,-5.87,11.93
253.0,34.44,-5.87,11.82
253.5,34.44,-5.87,11.97
254.0,34.44,-5.87,12.68
254.5,3444.0,-5.87,11.93
255.0,34.44,-5.87,12.22
255.5,34.44,-5.94,11.85
256.0,34.44,-5.94,11.9
256.5,34.44,-5.94,11.73
257.0,34.44,-5.94,12.12
257.5,34.44,-5.94,11.94
258.0,34.44,-5.94,11.86
258.5,34.44,-5.94,11.59
259.0,34.44,-5.94,12.11
259.5,34.44,-5.94,11.87
260.0,34.44,-6.0,12.23
260.5,34.44,-6.0,11.88
261.0,34.44,-6.0,13.95
261.5,34.44,-6.0,12.11
262.0,34.44,-6.0,11.85
262.5,34.44,-6.0,11.83
263.0,34.44,-6.0,12.55
263.5,34.44,-6.0,11.9
264.0,34.44,-6.0,11.77
264.5,34.44,-6.0,12.2
265.0,34.44,-6.0,12.46
265.5,34.44,-6.0,12.27
266.0,34.44,-6.0,11.97
266.5,34.44,-6.0,11.83
267.0,34.44,-6.0,11.97
267.5,34.44,-6.0,12.09
268.0,34.44,-6.0,11.96
268.5,34.44,-6.0,12.04
269.0,34.44,-6.0,11.78
269.5,34.44,-6.0,12.25
270.0,34.44,-6.0,11.92
270.5,34.44,-6.0,12.25
271.0,34.44,-6.0,12.28
271.5,34.44,-6.0,12.39
272.0,34.44,-6.0,12.01
272.5,34.44,-6.06,11.64
273.0,34.44,-6.06,11.9
273.5,34.44,-6.06,11.76
274.0,34.44,-6.06,11.74
274.5,34.44,-6.06,12.51
275.0,34.44,-6.06,11.87
275.5,34.44,-6.06,11.87
276.0,34.44,-6.06,11.9
276.5,34.44,-6.06,12.55
277.0,34.44,-6.12,11.91
277.5,34.44,-6.12,11.82
278.0,34.44,-6.12,12.27
278.5,34.44,-6.12,11.98
279.0,34.44,-6.12,11.91
279.5,34.44,-6.12,12.29
280.0,34.44,-6.12,11.88
280.5,34.44,-6.12,12.01
281.0,34.44,-6.12,11.76
281.5,34.44,-6.19,11.78
282.0,34.44,-6.19,12.48
282.5,34.44,-6.19,12.14
283.0,34.44,-6.19,11.85
283.5,34.44,-6.19,12.1
284.0,34.44,-6.19,11.87
284.5,34.44,-6.19,11.23
285.0,34.44,-6.25,12.03
285.5,34.44,6.25,12.08
286.0,34.44,-6.25,11.77
286.5,34.44,-6.25,12.09
287.0,34.44,-6.25,11.88
287.5,34.44,-6.25,11.75
288.0,34.44,-6.25,11.88
288.5,34.44,-6.25,12.22
289.0,34.44,-6.25,12.27
289.5,34.44,-6.25,12.54
290.0,34.44,-6.25,11.85
290.5,34.44,-6.25,12.01
291.0,34.44,-6.25,11.85
291.5,34.44,-6.25,11.86
292.0,34.44,-6.25,11.92
292.5,34.44,-6.25,11.92
293.0,34.44,-6.25,12.13
293.5,34.44,-6.25,12.32
294.0,34.44,-6.25,11.96
294.5,34.44,-6.25,11.9
295.0,34.44,-6.25,12.06
295.5,34.44,-6.25,11.8
296.0,34.44,-6.25,11.66
296.5,34.44,-6.25,11.75
297.0,34.44,-6.25,12.13
297.5,34.44,-6.25,11.87
298.0,34.44,-6.25,11.88
298.5,34.44,-6.25,11.89
299.0,34.44,-6.31,11.92
299.5,34.44,-6.31,12.25
300.0,34.44,-6.31,11.84
300.5,34.44,-6.31,11.97
301.0,34.44,-6.31,12.51
301.5,34.44,-6.31,11.88
302.0,34.44,-6.31,12.28
302.5,34.44,-6.31,11.89
303.0,34.44,-6.31,11.88
303.5,34.44,-6.31,12.13
304.0,34.44,-6.31,11.94
304.5,34.44,-6.31,12.11
305.0,34.44,-6.37,11.97
305.5,34.44,-6.37,12.34
306.0,34.44,-6.37,11.93
306.5,34.44,-6.37,12.18
307.0,34.44,-6.37,11.87
307.5,34.44,-6.37,11.83
308.0,34.44,-6.37,11.87
308.5,34.44,-6.37,12.59
309.0,34.44,-6.37,12.03
309.5,34.44,-6.37,11.79
310.0,34.44,-6.37,11.65
310.5,34.44,-6.37,11.85
311.0,34.44,-6.37,12.15
311.5,34.44,-6.44,12.62
312.0,34.44,-6.44,12.19
312.5,34.44,-6.44,11.95
313.0,34.44,-6.44,12.7
313.5,34.44,-6.44,11.86
314.0,34.44,-6.44,12.23
314.5,34.44,-6.44,11.97
315.0,34.44,-6.44,12.27
315.5,34.44,-6.44,11.88
316.0,34.44,-6.44,12.47
316.5,34.44,-6.44,11.92
317.0,34.44,-6.44,11.9
317.5,34.44,-644.0,11.76
318.0,34.44,-6.44,12.19
318.5,34.44,-6.44,11.92
319.0,34.44,-6.44,11.83
319.5,34.44,-6.44,12.08
320.0,34.44,-6.44,12.17
320.5,34.44,-6.44,11.95
321.0,34.44,-6.44,11.89
321.5,34.44,-6.44,12.03
322.0,34.44,-6.44,11.39
322.5,34.44,-6.44,12.17
323.0,34.44,-6.44,12.17
323.5,34.44,-6.44,11.74
324.0,34.44,-6.44,12.74
324.5,34.44,-6.44,11.79
325.0,34.44,-6.44,11.75
325.5,34.44,-6.44,12.06
326.0,34.44,-6.44,12.4
326.5,34.44,-6.44,11.87
327.0,34.44,-6.44,11.93
327.5,34.44,-6.44,11.75
328.0,34.44,-6.44,11.87
328.5,34.44,-6.44,12.06
329.0,34.44,-6.5,11.73
329.5,34.44,-6.5,11.82
330.0,34.44,6.5,12.5
330.5,34.38,-6.5,12.2
331.0,34.38,-6.5,11.75
331.5,34.38,-6.5,11.93
332.0,34.38,-6.5,11.94
332.5,34.38,-6.5,11.7
333.0,34.38,-6.5,11.79
333.5,34.38,-6.5,12.18
334.0,34.38,-6.5,12.08
334.5,34.38,-6.5,12.39
335.0,34.38,-6.5,11.89
335.5,34.38,-6.5,11.89
336.0,34.38,-6.5,1211.0
336.5,34.38,-6.5,12.38
337.0,34.38,-6.5,11.67
337.5,34.38,-6.56,11.96
338.0,34.38,-6.56,11.88
338.5,34.38,-6.56,12.24
339.0,34.38,-6.56,12.04
339.5,34.38,-6.56,11.95
340.0,34.38,-6.56,11.94
340.5,34.38,-6.56,11.8
341.0,34.38,-6.56,12.34
341.5,34.38,-6.56,12.31
342.0,34.38,-656.0,12.08
342.5,34.38,-6.56,11.77
343.0,34.38,-6.56,12.33
343.5,34.38,-6.56,11.89
344.0,34.38,-6.56,12.33
344.5,34.38,-6.56,11.9
345.0,34.38,-6.56,11.73
345.5,34.38,-6.56,11.82
346.0,34.38,-6.56,12.47
346.5,34.38,-6.56,12.17
347.0,34.38,-6.56,11.8
347.5,34.38,-6.56,11.83
348.0,34.38,-6.56,12.26
348.5,34.38,-6.56,11.9
349.0,34.38,-6.56,12.17
349.5,34.38,-6.56,11.85
350.0,34.38,-6.56,12.01
350.5,34.38,-6.56,11.71
351.0,34.38,-6.56,11.98
351.5,34.38,-6.56,12.29
352.0,34.38,-6.56,12.76
352.5,34.38,-6.62,11.9
353.0,34.38,-6.62,11.71
353.5,34.38,-6.62,12.24
354.0,34.38,-6.62,11.98
354.5,34.38,-6.69,11.84
355.0,34.38,-6.69,12.29
355.5,34.38,-6.69,11.89
356.0,34.38,-6.69,12.14
356.5,34.38,-6.69,11.71
357.0,34.38,-6.69,11.69
357.5,34.38,-6.69,12.16
358.0,34.38,-6.69,11.99
358.5,34.38,-6.69,11.86
359.0,34.38,-6.69,11.9
359.5,34.38,-6.69,12.17
360.0,34.38,-6.69,11.76
360.5,34.38,-6.69,11.75
361.0,34.38,-6.69,12.4
361.5,34.38,-6.69,11.85
362.0,34.38,-6.69,11.93
362.5,34.38,6.69,11.79
363.0,34.38,-6.69,12.29
363.5,34.38,-6.69,11.66
364.0,34.38,-6.69,12.46
364.5,34.38,-6.69,11.88
365.0,34.38,-6.69,12.05
365.5,34.38,-6.69,11.94
366.0,34.38,-6.69,12.07
366.5,34.38,-6.69,11.88
367.0,34.38,-6.69,11.81
367.5,34.38,-6.69,11.84
368.0,34.38,-6.69,12.22
368.5,34.38,-6.69,12.35
369.0,34.38,-6.69,11.7
369.5,34.38,-6.69,12.23
370.0,34.38,-6.69,12.17
370.5,34.38,-6.69,12.27
371.0,34.38,-6.69,11.85
371.5,34.38,-6.69,11.73
372.0,34.38,-6.69,12.14
372.5,34.38,-6.69,11.84
373.0,34.38,-6.69,12.0
373.5,34.38,-6.75,12.14
374.0,34.38,-6.75,12.32
374.5,34.38,-6.75,11.84
375.0,34.38,-6.75,11.87
375.5,34.38,-6.75,12.25
376.0,34.38,-6.75,11.94
376.5,34.38,-6.75,11.69
377.0,34.38,-6.75,11.81
377.5,34.38,-6.75,11.81
378.0,34.38,-6.75,11.77
378.5,34.38,-6.75,12.0
379.0,34.38,-6.75,12.06
379.5,34.38,-6.75,11.87
380.0,34.38,-6.75,12.07
380.5,34.38,-6.75,11.71
381.0,34.38,-6.75,11.96
381.5,34.38,-6.75,12.03
382.0,34.38,-6.75,11.83
382.5,34.38,-6.75,11.89
383.0,34.38,-6.75,11.88
383.5,34.38,-6.75,12.27
384.0,34.38,-6.75,12.27
384.5,34.38,-6.75,11.74
385.0,34.38,-6.75,11.86
385.5,34.38,-6.75,12.54
386.0,34.38,-6.75,11.85
386.5,34.38,-6.75,12.19
387.0,34.38,-6.81,11.78
387.5,34.38,-6.81,12.13
388.0,34.38,-6.1,11.9
388.5,34.38,-6.1,12.19
389.0,34.38,-6.81,12.08
389.5,34.38,-6.81,11.77
390.0,34.38,-6.81,11.67
390.5,34.38,-6.81,12.4
391.0,34.38,-6.81,11.86
391.5,34.38,-6.81,12.32
392.0,34.38,-6.81,11.83
392.5,34.38,-6.81,11.89
393.0,34.38,-6.81,11.96
393.5,34.38,-6.81,12.48
394.0,34.38,-6.81,11.94
394.5,34.38,-6.81,12.28
395.0,34.38,-6.81,12.15
395.5,34.38,-6.81,12.19
396.0,34.38,-6.81,11.86
396.5,34.38,-6.81,11.76
397.0,34.38,-6.81,11.96
397.5,34.38,-6.81,11.78
398.0,34.38,-6.87,11.89
398.5,34.38,-6.87,11.94
399.0,34.38,-6.87,11.71
399.5,34.38,-6.87,11.83
400.0,34.38,-6.87,12.26
400.5,34.38,-6.87,12.12
401.0,34.38,-6.87,11.89
401.5,34.38,-6.87,11.86
402.0,34.38,-6.87,11.77
402.5,34.38,-6.87,12.29
403.0,34.38,-6.87,12.01
403.5,34.38,-6.87,11.89
404.0,34.38,-6.87,11.92
404.5,34.38,-6.87,11.94
405.0,34.38,-6.87,12.08
405.5,34.38,-6.87,12.11
406.0,34.38,-6.87,12.26
406.5,34.38,-6.87,11.9
407.0,34.38,-6.7,11.7
407.5,34.3,-6.87,11.83
408.0,34.38,-6.87,12.23
408.5,34.38,-6.87,12.23
409.0,34.38,-6.87,11.98
409.5,34.38,-6.87,12.02
410.0,34.38,-6.87,12.3
410.5,34.38,-6.87,11.88
411.0,34.38,-6.87,11.87
411.5,34.38,-6.87,12.06
412.0,34.38,-6.87,12.16
412.5,34.38,-6.87,12.17
413.0,34.38,-6.87,12.06
413.5,34.38,-6.87,11.89
414.0,34.38,-6.87,11.81
414.5,34.38,-6.87,11.73
415.0,34.38,-6.87,12.51
415.5,34.38,-6.87,11.92
416.0,34.38,-6.87,11.73
416.5,34.38,-6.87,12.23
417.0,34.38,-6.87,12.05
417.5,34.38,-6.87,11.75
418.0,34.38,-6.87,12.17
418.5,34.38,-6.87,11.83
419.0,34.38,-6.87,12.06
419.5,34.38,-6.87,11.77
420.0,34.38,-6.87,12.31
420.5,34.38,-6.87,12.12
421.0,34.38,-6.87,11.78
421.5,34.38,-6.87,11.98
422.0,34.38,-6.87,11.83
422.5,34.38,-6.87,12.32
423.0,34.38,-6.87,11.69
423.5,34.38,-6.87,11.81
424.0,34.38,-6.87,11.76
424.5,34.38,-6.87,11.93
425.0,34.38,-6.87,12.2
425.5,34.38,-6.87,11.87
426.0,34.38,-6.87,11.89
426.5,34.38,-6.87,11.82
427.0,34.38,-6.87,12.45
427.5,34.38,-6.87,11.88
428.0,34.38,-6.87,11.72
428.5,34.38,-6.87,12.15
429.0,34.38,-6.87,12.04
429.5,34.38,-6.87,11.9
430.0,34.38,-6.87,12.01
430.5,34.38,-6.87,12.08
431.0,34.38,-6.87,11.84
431.5,34.38,-6.87,11.96
432.0,34.38,-6.87,12.31
432.5,34.38,-6.87,11.9
433.0,34.38,-6.87,11.81
433.5,34.38,-6.87,11.76
434.0,34.38,-6.87,11.85
434.5,34.38,-6.87,11.92
435.0,34.38,-6.87,11.66
435.5,34.38,-6.94,11.82
436.0,34.38,-6.94,11.96
436.5,34.38,-6.94,11.85
437.0,34.38,-6.94,12.01
437.5,34.38,-6.94,12.22
438.0,34.38,-6.94,11.88
438.5,34.38,-6.94,12.24
439.0,34.38,-6.94,11.62
439.5,34.38,-6.94,12.12
440.0,34.38,-6.94,11.68
440.5,34.38,-6.94,11.8
441.0,34.38,-6.94,12.18
441.5,34.38,-6.94,11.97
442.0,34.38,-6.94,12.16
442.5,34.38,-6.94,11.93
443.0,34.38,-6.94,12.56
443.5,34.38,-6.94,11.99
444.0,34.38,-6.94,11.63
444.5,34.38,-6.94,12.18
445.0,34.38,-6.94,11.72
445.5,34.38,-6.94,12.05
446.0,34.38,-6.94,12.05
446.5,34.38,-6.94,12.09
447.0,34.38,-6.94,11.8
447.5,34.38,-6.94,11.91
448.0,34.38,-6.94,11.98
448.5,34.38,-6.94,11.67
449.0,34.38,-6.94,12.57
449.5,34.38,-6.94,12.15
450.0,34.38,-6.94,11.92
450.5,34.38,-6.94,12.21
451.0,34.38,-6.94,12.08
451.5,34.38,-6.94,11.64
452.0,34.38,-6.94,12.01
452.5,34.38,-6.94,11.89
453.0,34.38,-6.94,11.94
453.5,34.38,-6.94,12.2
454.0,34.38,-6.94,11.91
454.5,34.38,-6.94,11.86
455.0,34.38,-6.94,11.77
455.5,34.38,-6.94,12.47
456.0,34.38,-6.94,11.64
456.5,34.38,-6.94,11.74
457.0,34.38,-6.94,12.23
457.5,34.38,-6.94,11.91
458.0,34.38,-6.94,12.19
458.5,34.38,-6.94,12.17
459.0,34.38,-6.9,11.97
459.5,34.38,-6.94,11.89
460.0,34.38,-6.94,11.69
460.5,34.38,-7.0,12.34
461.0,34.38,-7.0,11.92
461.5,34.38,-7.0,11.93
462.0,34.38,-7.0,11.72
462.5,34.38,-7.0,12.14
463.0,34.38,-7.0,11.85
463.5,34.38,-7.0,11.76
464.0,34.38,-7.0,12.19
464.5,34.38,-7.0,12.27
465.0,34.38,-7.0,12.25
465.5,34.38,-7.0,12.25
466.0,34.38,-7.0,11.91
466.5,34.38,-7.0,12.06
467.0,34.38,-7.0,13.04
467.5,34.38,-7.0,11.92
468.0,34.38,-7.0,12.3
468.5,34.38,-7.0,11.8
469.0,34.38,-7.0,11.8
469.5,34.38,-7.0,12.01
470.0,34.38,-7.0,11.75
470.5,34.38,-7.0,12.01
471.0,34.38,-7.0,12.24
471.5,34.38,-7.0,12.25
472.0,34.38,-7.0,11.91
472.5,34.38,-7.0,12.79
473.0,34.38,-7.0,11.91
473.5,34.38,-7.0,11.86
474.0,34.38,-7.0,11.85
474.5,34.38,-7.0,11.86
475.0,34.38,-7.0,12.08
475.5,34.38,-7.0,12.07
476.0,34.38,-7.0,11.91
476.5,34.38,-7.06,11.68
477.0,34.38,-7.06,12.06
477.5,34.38,-7.06,11.89
478.0,34.38,-7.06,11.64
478.5,34.38,-7.06,12.1
479.0,34.38,-7.06,11.87
479.5,34.44,-7.06,11.88
480.0,34.44,-7.06,11.88
480.5,34.44,-7.06,11.86
481.0,34.44,-7.06,12.11
481.5,34.44,-7.06,12.29
482.0,34.44,-7.06,12.44
482.5,34.44,-7.06,12.33
483.0,34.44,-7.06,12.19
483.5,34.44,-7.06,11.8
484.0,34.44,-7.06,12.23
484.5,34.44,-7.06,12.06
485.0,34.44,-7.06,11.9
485.5,34.44,-7.06,12.38
486.0,34.44,-7.06,11.9
486.5,34.44,-7.06,11.85
487.0,34.44,-7.06,12.07
487.5,34.44,-7.06,12.01
488.0,34.44,-7.06,11.91
488.5,34.44,-7.06,12.64
489.0,34.44,-7.06,11.92
489.5,34.44,-7.06,11.84
490.0,34.44,-7.06,11.63
490.5,34.44,-7.06,12.7
491.0,34.44,-7.06,11.97
491.5,34.44,-7.06,12.12
492.0,34.44,-7.06,11.74
492.5,34.44,-7.06,11.85
493.0,34.44,-7.06,11.76
493.5,34.44,-7.06,11.83
494.0,34.44,-7.06,11.7
494.5,34.44,-7.06,11.76
495.0,34.44,-7.06,11.97
495.5,34.44,-7.06,12.0
496.0,34.44,-706.0,12.8
496.5,34.44,-706.0,12.46
497.0,34.44,-7.06,12.16
497.5,34.44,-7.06,12.02
498.0,34.44,-7.06,12.31
498.5,34.44,-7.06,12.09
499.0,34.44,-7.06,11.68
499.5,34.44,-7.06,12.24
500.0,34.44,-7.06,11.82
500.5,34.44,-7.06,12.28
501.0,34.44,-7.06,11.84
501.5,34.44,-7.0,11.75
502.0,34.44,-7.0,11.84
502.5,34.44,-7.0,12.33
503.0,34.44,-7.0,11.83
503.5,34.44,-7.06,12.02
504.0,34.44,-7.06,12.21
504.5,34.44,-7.06,12.44
505.0,34.44,-7.06,12.39
505.5,34.44,-7.06,11.7
506.0,34.44,-7.06,11.94
506.5,34.44,-7.06,11.89
507.0,34.44,-7.06,12.14
507.5,34.44,-7.06,12.06
508.0,34.44,-7.06,11.74
508.5,34.44,-7.06,11.88
509.0,34.44,-7.06,11.5
509.5,34.4,-7.06,11.94
510.0,34.44,-7.6,11.83
510.5,34.38,-7.06,11.97
511.0,34.38,-7.06,11.99
511.5,34.38,-7.06,12.12
512.0,34.38,-7.06,12.06
512.5,34.38,-7.06,12.48
513.0,34.38,-7.06,11.89
513.5,34.38,-7.06,11.7
514.0,34.38,-7.06,11.73
514.5,34.38,-7.06,11.92
515.0,34.38,-7.06,12.09
515.5,34.38,-7.06,12.08
516.0,34.38,-7.06,12.18
516.5,34.38,-7.06,12.06
517.0,34.38,-7.06,11.87
517.5,34.38,-7.06,12.27
518.0,34.38,-7.06,11.87
518.5,34.38,-7.06,11.81
519.0,34.38,-7.06,11.78
519.5,34.38,-7.06,11.86
520.0,34.38,-7.06,11.67
520.5,34.38,-7.06,12.17
521.0,34.38,-7.06,11.91
521.5,34.38,-7.06,11.87
522.0,34.38,-7.06,11.9
522.5,34.38,-7.06,11.62
523.0,34.38,-7.06,12.1
523.5,34.38,-7.06,12.14
524.0,34.38,-7.06,11.81
524.5,34.38,-7.06,12.17
525.0,34.38,-7.06,11.94
525.5,34.38,-7.06,12.19
526.0,34.38,-7.06,11.71
526.5,34.38,-7.06,11.9
527.0,34.38,-7.06,11.75
527.5,34.38,-7.06,11.89
528.0,34.3,-7.06,12.09
528.5,34.38,-7.06,11.95
529.0,34.38,-7.06,11.7
529.5,34.38,-7.06,11.98
530.0,34.38,-7.06,11.8
530.5,34.38,-7.06,11.78
531.0,34.38,-7.06,12.06
531.5,34.38,-7.06,11.79
532.0,34.38,-7.06,11.85
532.5,34.38,-7.06,11.59
533.0,34.38,-7.06,11.85
533.5,34.38,-7.06,11.95
534.0,34.38,-7.06,11.85
534.5,34.38,-7.6,11.84
535.0,34.38,-706.0,11.62
535.5,34.38,-7.06,11.8
536.0,34.38,-7.06,12.22
536.5,34.38,-7.06,11.89
537.0,34.38,-7.06,12.12
537.5,34.38,-7.06,12.18
538.0,34.38,-7.06,11.69
538.5,34.38,-7.06,11.71
539.0,34.38,-7.06,12.27
539.5,34.38,-7.06,12.17
540.0,34.38,-7.06,12.22
540.5,34.38,-7.06,12.32
541.0,34.38,-7.06,11.82
541.5,34.38,-7.06,12.15
542.0,34.38,-7.06,12.05
542.5,34.38,-7.06,11.85
543.0,34.38,-7.06,12.12
543.5,34.38,-7.06,11.98
544.0,34.38,-7.06,11.74
544.5,34.38,-7.06,12.15
545.0,34.38,-7.06,11.72
545.5,34.38,-7.06,12.12
546.0,34.38,-7.06,11.95
546.5,34.38,-7.06,12.09
547.0,34.38,-7.12,12.42
547.5,34.38,-7.12,11.91
548.0,34.38,-7.12,11.89
548.5,34.38,-7.12,11.77
549.0,34.38,-7.12,11.87
549.5,34.38,-7.12,11.88
550.0,34.38,-7.12,11.75
550.5,34.38,-7.12,12.55
551.0,34.38,-7.12,12.08
551.5,34.38,-7.12,11.9
552.0,34.38,-7.12,11.75
552.5,34.38,-7.12,11.76
553.0,34.38,-7.12,12.16
553.5,34.38,-7.12,12.01
554.0,34.38,-7.12,11.9
554.5,34.38,-7.12,11.85
555.0,34.38,-7.12,12.01
555.5,34.38,-7.12,12.35
556.0,34.38,-7.12,12.19
556.5,34.38,-7.12,11.59
557.0,34.38,-7.12,11.86
557.5,34.38,-7.12,12.29
558.0,34.38,-7.12,11.85
558.5,34.38,-7.12,11.79
559.0,34.38,-7.12,11.74
559.5,34.38,-7.12,11.78
560.0,34.38,-7.12,12.25
560.5,34.38,-7.12,12.01
561.0,34.38,-7.12,11.84
561.5,34.38,-7.12,12.28
562.0,34.38,-7.12,12.1
562.5,34.38,-7.12,12.23
563.0,34.38,-7.12,11.95
563.5,34.38,-7.12,11.87
564.0,34.38,-7.12,11.82
564.5,34.38,-7.12,11.81
565.0,34.38,-7.12,12.13
565.5,34.38,-7.12,11.75
566.0,34.38,-7.12,12.13
566.5,34.38,-7.12,11.92
567.0,34.38,-7.12,11.84
567.5,34.38,-7.12,11.99
568.0,34.38,-7.12,11.83
568.5,34.38,-7.12,12.08
569.0,34.38,-7.12,11.76
569.5,34.38,-7.12,11.85
570.0,34.38,-7.12,12.01
570.5,34.38,-7.12,11.95
571.0,34.38,-7.12,11.77
571.5,34.38,-7.12,12.06
572.0,34.38,-7.12,12.31
572.5,34.38,-7.12,11.82
573.0,34.38,-7.12,12.54
573.5,34.38,-7.12,11.81
574.0,34.38,-7.12,12.19
574.5,34.38,-7.12,11.74
575.0,34.38,-7.12,11.97
575.5,34.38,-7.12,11.88
576.0,34.38,-7.12,11.94
576.5,34.38,-7.12,11.84
577.0,34.38,-7.12,11.97
577.5,34.38,-7.12,11.88
578.0,34.38,-7.12,1190.0
578.5,34.38,-7.12,11.91
579.0,34.38,-7.12,12.01
579.5,34.38,-7.12,12.2
580.0,34.38,-7.12,12.26
580.5,34.38,-7.12,11.92
581.0,34.38,-7.12,11.85
581.5,34.38,-7.12,11.71
582.0,34.38,-7.12,11.82
582.5,34.38,-7.12,12.14
583.0,34.38,-7.12,12.17
583.5,34.38,-7.12,12.16
584.0,34.38,-7.12,1215.0
584.5,34.38,-7.12,12.15
585.0,34.38,-7.12,11.81
585.5,34.38,-7.12,11.96
586.0,34.38,-7.12,12.23
586.5,34.38,-7.12,11.69
587.0,34.38,-7.12,11.86
587.5,34.38,-7.12,11.91
588.0,34.38,-7.12,12.38
588.5,34.38,-7.12,12.03
589.0,34.38,-7.12,11.79
589.5,34.38,-7.12,12.22
590.0,34.38,-7.12,12.01
590.5,34.38,-7.12,12.06
591.0,34.38,-7.12,11.9
591.5,34.3,-7.12,11.8
592.0,34.38,-7.12,12.06
592.5,34.38,-7.12,11.73
593.0,34.38,-7.19,12.02
593.5,34.38,-7.19,11.86
594.0,34.38,-7.19,12.59
594.5,34.38,-7.19,12.22
595.0,34.38,-7.19,12.33
595.5,34.38,-7.19,12.01
596.0,34.38,-7.19,12.62
596.5,34.38,-7.19,12.69
597.0,34.38,-7.19,11.96
597.5,34.38,-7.19,12.01
598.0,34.38,-7.19,11.91
598.5,34.38,-7.19,12.26
599.0,34.38,-7.19,11.98
599.5,34.38,-7.19,12.23
600.0,34.38,-7.19,12.16
600.5,34.38,-7.19,12.14
601.0,34.38,-7.19,11.82
601.5,34.38,-7.19,12.2
602.0,34.38,-7.19,11.77
602.5,34.38,-7.1,12.17
603.0,34.38,-7.19,11.96
603.5,34.38,-7.19,12.18
604.0,34.38,-7.19,12.2
604.5,34.38,-7.19,12.23
605.0,34.38,-7.19,12.33
605.5,34.38,-7.19,12.18
606.0,34.38,-7.19,12.25
606.5,34.38,-7.19,11.74
607.0,34.38,-7.19,11.84
607.5,34.38,-7.19,12.23
608.0,34.8,-7.19,11.39
608.5,34.38,-7.19,12.12
609.0,34.38,-7.19,11.74
609.5,34.38,-7.19,11.7
610.0,34.38,-7.19,11.8
610.5,34.38,-7.19,11.83
611.0,34.38,-7.19,11.91
611.5,34.38,-7.19,12.17
612.0,34.38,-7.19,11.8
612.5,34.38,-7.19,11.68
613.0,34.38,-7.19,11.89
613.5,34.38,-7.19,11.67
614.0,34.38,-7.19,12.18
614.5,34.38,-7.19,11.9
615.0,34.38,-7.19,11.78
615.5,34.38,-7.19,11.78
616.0,34.38,-7.19,11.85
616.5,34.38,-7.19,11.99
617.0,34.38,-7.19,11.9
617.5,34.38,-7.19,12.2
618.0,34.38,-7.19,12.3
618.5,34.38,-7.19,11.86
619.0,34.38,-7.19,12.13
619.5,34.38,-7.19,11.85
620.0,34.38,-7.19,12.05
620.5,34.38,-7.19,11.63
621.0,34.38,-7.19,12.29
621.5,34.38,-7.19,11.89
622.0,34.38,-7.19,12.03
622.5,34.38,-7.19,11.81
623.0,34.38,-7.19,11.85
623.5,34.38,-7.19,12.4
624.0,34.38,-7.19,11.85
624.5,34.38,-7.19,12.23
625.0,34.38,-7.19,11.85
625.5,34.38,-7.19,11.96
626.0,34.38,-7.19,12.66
626.5,34.38,-7.19,11.89
627.0,34.38,-7.25,11.98
627.5,34.38,-7.25,12.37
628.0,34.38,-7.25,11.88
628.5,34.38,-7.25,11.91
629.0,34.38,-7.25,11.71
629.5,34.38,-7.25,12.18
630.0,34.38,-7.25,11.8
630.5,34.38,-7.25,11.83
631.0,34.38,-7.25,11.85
631.5,34.38,-7.25,11.94
632.0,34.38,-7.25,11.93
632.5,34.38,-7.25,11.61
633.0,34.38,-7.2,11.97
633.5,34.38,-7.25,11.3
634.0,34.38,-7.25,12.22
634.5,34.38,-7.25,12.22
635.0,34.38,-7.25,12.22
635.5,34.38,-7.25,12.01
636.0,34.38,-7.25,11.84
636.5,34.38,-7.25,11.76
637.0,34.38,-7.25,11.84
637.5,34.38,-7.25,11.75
638.0,34.38,-7.25,11.92
638.5,34.38,-7.25,11.8
639.0,34.38,-7.25,11.8
639.5,34.38,-7.25,12.22
640.0,34.38,-7.25,11.8
640.5,34.38,-7.25,12.1
641.0,34.38,-7.25,12.37
641.5,34.38,-7.25,12.0
642.0,34.38,-7.25,12.1
642.5,34.38,-7.25,11.54
643.0,34.38,-7.25,11.73
643.5,34.38,-7.25,11.96
644.0,34.38,-7.25,12.31
644.5,34.38,-7.25,11.92
645.0,34.38,-7.25,12.0
645.5,34.38,-7.25,11.79
646.0,34.38,-7.25,11.71
646.5,34.38,-7.25,11.85
647.0,34.38,-7.25,12.26
647.5,34.38,-7.25,11.68
648.0,34.38,-7.25,11.83
648.5,34.38,-7.25,12.01
649.0,34.38,-7.25,11.74
649.5,34.38,-7.25,11.8
650.0,34.38,-7.25,12.0
650.5,34.38,-7.5,12.31
651.0,34.38,-7.25,11.84
651.5,34.38,-7.25,11.76
652.0,34.38,-7.25,11.96
652.5,34.38,-7.25,11.92
653.0,34.38,-7.25,12.23
653.5,34.38,-7.25,12.22
654.0,34.38,-7.25,11.96
654.5,34.38,-7.25,11.84
655.0,34.38,-7.25,12.27
655.5,34.38,-7.25,11.8
656.0,34.38,-7.25,11.61
656.5,34.3,-7.25,12.01
657.0,34.38,-0.25,11.92
657.5,34.38,-7.25,11.95
658.0,34.38,-7.25,12.49
658.5,34.38,-7.25,12.08
659.0,34.38,-7.25,12.21
659.5,34.38,-7.25,11.98
660.0,34.38,-7.25,12.43
660.5,34.38,-7.25,11.85
661.0,34.31,-7.25,11.8
661.5,34.31,-7.25,11.75
662.0,34.31,-7.25,11.74
662.5,34.31,-7.25,11.99
663.0,34.31,-7.25,11.53
663.5,34.38,-7.25,11.89
664.0,34.38,-7.25,11.76
664.5,34.38,-7.25,11.79
665.0,34.38,-7.25,11.65
665.5,34.38,-7.25,12.4
666.0,34.38,-7.25,12.09
666.5,34.38,-7.25,12.17
667.0,34.38,-7.25,12.42
667.5,34.38,-7.25,12.31
668.0,34.38,-7.25,11.76
668.5,34.38,-7.25,11.91
669.0,34.38,-7.25,12.18
669.5,34.38,-7.25,12.11
670.0,34.38,-7.25,11.78
670.5,34.38,-7.25,11.86
671.0,34.38,-7.25,12.04
671.5,34.38,-7.25,12.3
672.0,34.38,-7.25,12.11
672.5,34.38,-7.25,11.69
673.0,34.38,-7.25,12.31
673.5,34.38,-7.25,11.89
674.0,34.38,-7.25,11.78
674.5,34.38,-7.25,12.0
675.0,34.38,-7.25,12.08
675.5,34.38,-7.25,11.88
676.0,34.3,-7.25,12.15
676.5,34.38,-7.25,12.38
677.0,34.38,-7.25,12.37
677.5,34.38,-7.25,11.93
678.0,34.38,-7.25,12.39
678.5,34.38,-7.25,11.85
679.0,34.38,-7.25,11.88
679.5,34.38,-7.25,11.99
680.0,34.38,-7.25,12.23
680.5,34.38,-7.25,11.7
681.0,34.38,-7.25,12.24
681.5,34.38,-7.25,12.17
682.0,34.38,7.25,12.25
682.5,34.38,-7.2,12.27
683.0,34.38,-7.25,11.94
683.5,34.38,-7.25,12.14
684.0,34.38,-7.25,12.19
684.5,34.38,-7.25,12.0
685.0,34.38,-7.25,11.95
685.5,34.38,-7.25,11.91
686.0,34.38,-7.25,11.72
686.5,34.38,-7.25,12.5
687.0,34.38,-7.25,11.97
687.5,34.38,-7.25,12.07
688.0,34.38,-7.25,11.89
688.5,34.38,-7.25,11.84
689.0,34.38,-7.25,11.78
689.5,34.38,-7.25,12.22
690.0,34.38,-7.25,11.8
690.5,34.38,-7.25,11.89
691.0,34.38,-7.25,12.11
691.5,34.38,-7.25,11.9
692.0,34.38,-7.25,11.85
692.5,34.38,-7.25,11.98
693.0,34.38,-7.25,11.96
693.5,34.38,-7.25,12.1
694.0,34.38,-7.25,11.94
694.5,34.38,-7.25,11.8
695.0,34.38,-7.25,11.96
695.5,34.38,-7.25,11.84
696.0,34.38,-7.25,12.12
696.5,34.38,-7.25,12.17
697.0,34.38,-7.25,11.9
697.5,34.38,-7.25,11.9
698.0,34.38,-7.25,12.06
698.5,34.38,-7.25,11.77
699.0,34.38,-7.25,11.81
699.5,34.38,-7.25,11.81
700.0,34.38,-7.25,11.99
700.5,34.38,-7.25,11.96
701.0,34.38,-7.25,11.9
701.5,34.38,-7.25,12.3
702.0,34.38,-7.25,11.81
702.5,34.38,-7.25,12.22
703.0,34.38,-7.25,11.75
703.5,34.38,-7.25,11.95
704.0,34.38,-7.25,12.21
704.5,34.38,-7.25,12.13
705.0,34.38,-7.25,11.84
705.5,34.38,-7.25,12.13
706.0,34.38,-7.25,11.84
706.5,34.38,-7.25,11.99
707.0,34.38,-7.25,11.74
707.5,34.38,-7.25,11.82
708.0,34.38,-7.25,12.1
708.5,34.38,-7.25,11.88
709.0,34.38,-7.25,12.12
709.5,34.38,-7.25,12.14
710.0,34.38,-7.25,11.73
710.5,34.38,-7.25,12.05
711.0,34.38,-7.31,11.81
711.5,34.38,-7.31,11.69
712.0,34.38,-7.31,11.89
712.5,34.38,-7.31,12.0
713.0,34.38,-7.31,11.86
713.5,34.38,-7.31,12.01
714.0,34.38,-7.31,12.17
714.5,34.38,-7.31,11.78
715.0,34.38,-7.31,11.85
715.5,34.38,-7.31,12.0
716.0,34.38,-7.31,12.34
716.5,34.38,-7.31,11.85
717.0,34.38,-7.31,11.85
717.5,34.38,-7.31,11.77
718.0,34.38,-7.31,12.66
718.5,34.38,-7.31,11.91
719.0,34.38,-7.31,11.87
719.5,34.38,-7.31,12.34
720.0,34.38,-7.31,12.21
720.5,34.38,-7.31,12.49
721.0,34.38,-7.31,11.85
721.5,3438.0,-7.31,12.14
722.0,34.38,-7.31,12.06
722.5,34.38,-7.31,12.15
723.0,34.38,-7.31,11.72
723.5,34.38,-7.31,12.42
724.0,34.38,-7.31,12.22
724.5,34.38,-7.31,12.11
725.0,34.38,-7.31,12.21
725.5,34.38,-7.31,11.81
726.0,34.38,-7.31,11.76
726.5,34.38,-7.31,12.38
727.0,34.38,-7.31,11.81
727.5,34.38,-7.31,11.98
728.0,34.38,-7.31,11.86
728.5,34.38,-7.31,11.78
729.0,34.38,-7.31,12.59
729.5,34.38,-7.31,11.98
730.0,34.38,-7.31,11.84
730.5,34.38,-7.31,12.05
731.0,34.38,-7.31,11.69
731.5,34.38,-7.31,12.44
732.0,34.38,-7.31,12.12
732.5,34.38,-7.31,12.1
733.0,34.38,-7.31,12.36
733.5,34.38,-7.31,12.26
734.0,34.38,-7.31,12.0
734.5,34.38,-7.31,11.75
735.0,34.38,-7.31,11.86
735.5,34.38,-7.31,11.74
736.0,34.38,-7.31,12.2
736.5,34.38,-7.31,11.98
737.0,34.38,-7.31,12.04
737.5,34.38,-7.31,11.73
738.0,34.38,-7.31,11.91
738.5,34.38,-7.31,12.17
739.0,34.38,-7.31,12.24
739.5,34.38,-7.31,11.77
740.0,34.38,-7.31,11.95
740.5,34.38,-7.31,11.91
741.0,3438.0,-7.31,11.88
741.5,34.38,-7.31,12.27
742.0,34.38,-7.31,11.92
742.5,34.38,-7.31,11.74
743.0,34.38,-7.31,12.02
743.5,34.38,-7.31,11.75
744.0,34.38,-7.31,11.99
744.5,34.38,-7.31,12.38
745.0,34.38,-7.31,11.81
745.5,34.38,-7.31,11.91
746.0,34.38,-7.31,1224.0
746.5,34.38,-7.31,11.73
747.0,34.38,-7.31,11.99
747.5,34.38,-7.31,11.77
748.0,34.38,-7.31,12.32
748.5,34.38,-7.31,11.82
749.0,34.38,-7.31,11.86
749.5,34.38,-7.31,12.12
750.0,34.38,-7.31,12.08
750.5,34.38,-7.31,11.83
751.0,34.38,-7.31,12.23
751.5,34.38,-7.31,11.89
752.0,34.38,-7.31,11.82
752.5,34.38,-7.3,11.75
753.0,34.38,-7.31,0.64
753.5,34.38,-7.31,12.29
754.0,34.38,-7.31,11.96
754.5,34.38,-7.31,11.84
755.0,34.38,-7.31,12.12
755.5,34.38,-7.31,12.27
756.0,34.31,-7.31,11.94
756.5,34.31,-7.31,11.93
757.0,34.31,-7.31,11.88
757.5,34.31,-7.31,11.8
758.0,34.31,-7.31,12.08
758.5,34.31,-7.31,11.82
759.0,34.31,-7.31,11.96
759.5,34.31,-7.31,11.66
760.0,34.31,-7.31,12.38
760.5,34.31,-7.31,11.62
761.0,34.31,-7.31,11.83
761.5,34.31,-7.31,12.2
762.0,34.31,-7.31,12.19
762.5,34.31,-7.31,11.87
763.0,34.31,-7.31,11.82
763.5,34.31,-7.31,12.29
764.0,34.31,-7.31,11.93
764.5,34.31,-7.31,11.95
765.0,34.31,-7.31,11.85
765.5,34.31,-7.31,11.82
766.0,34.31,-7.31,12.11
766.5,34.31,-7.31,12.6
767.0,34.31,-7.31,12.21
767.5,34.31,-7.31,11.9
768.0,34.31,-7.31,11.7
768.5,34.31,-7.31,12.04
769.0,34.31,-7.31,11.88
769.5,34.31,-7.37,11.92
770.0,34.31,-7.37,11.9
770.5,34.31,-7.31,11.92
771.0,34.31,-7.31,11.66
771.5,34.31,-7.31,11.76
772.0,34.31,-7.31,12.03
772.5,3431.0,-7.31,11.75
773.0,34.31,-7.31,12.31
773.5,34.31,-7.31,11.81
774.0,34.31,-7.31,12.0
774.5,34.31,-7.31,11.9
775.0,34.31,-7.31,11.74
775.5,34.31,-7.31,12.03
776.0,34.31,-7.31,12.06
776.5,34.31,-7.31,11.89
777.0,34.31,-7.31,11.82
777.5,34.31,-7.31,1216.0
778.0,34.31,-7.31,11.81
778.5,34.38,-7.31,12.03
779.0,34.38,-7.31,11.63
779.5,34.38,-7.31,12.15
780.0,34.38,-7.31,11.91
780.5,34.38,-7.31,11.92
781.0,34.38,-7.31,11.83
781.5,34.38,-7.31,12.28
782.0,34.38,-7.31,11.73
782.5,34.38,-7.31,11.85
783.0,34.38,-7.31,11.91
783.5,34.38,-7.31,11.75
784.0,34.38,-7.31,11.94
784.5,34.38,-7.31,12.04
785.0,34.38,-7.31,11.79
785.5,34.38,-7.31,12.21
786.0,34.38,-7.31,11.85
786.5,34.38,-7.31,12.32
787.0,34.38,-7.31,12.27
787.5,34.38,-7.31,11.74
788.0,34.38,-7.31,12.17
788.5,34.38,-7.31,11.79
789.0,34.38,-7.31,11.59
789.5,34.38,-7.31,12.62
790.0,34.38,-7.31,12.37
790.5,34.38,-7.31,11.75
791.0,34.8,-7.31,12.15
791.5,34.38,-7.31,11.95
792.0,34.38,-7.31,12.12
792.5,34.38,-7.31,12.01
793.0,34.38,-7.31,11.98
793.5,34.38,-7.31,11.91
794.0,34.38,-7.31,12.66
794.5,34.38,-7.31,11.9
795.0,34.38,-7.31,12.36
795.5,34.38,-7.31,11.91
796.0,34.38,-7.31,12.2
796.5,34.38,-7.31,12.19
797.0,34.38,-7.31,12.09
797.5,34.38,-7.31,11.81
798.0,34.38,-7.31,12.07
798.5,34.38,-7.31,12.29
799.0,34.38,-7.31,11.88
799.5,34.38,-7.31,11.9
800.0,34.38,-7.31,12.17
800.5,34.38,-7.31,12.24
801.0,34.38,-7.31,11.9
801.5,34.38,-7.31,11.99
802.0,34.38,-7.31,11.97
802.5,34.38,-7.31,11.88
803.0,34.38,-7.31,12.21
803.5,34.38,-7.31,14.0
804.0,34.38,-7.31,11.88
804.5,34.38,-7.31,12.13
805.0,34.38,-7.31,11.74
805.5,34.38,-7.31,11.73
806.0,34.38,-7.31,12.09
806.5,34.38,-7.31,11.8
807.0,34.38,-7.31,11.76
807.5,34.38,-7.31,11.83
808.0,34.38,-7.31,12.31
808.5,34.38,-7.31,11.71
809.0,34.38,-7.31,12.67
809.5,34.38,-7.31,12.37
810.0,34.38,-7.31,11.8
810.5,34.38,-7.37,12.09
811.0,34.38,-0.37,11.9
811.5,34.38,-7.37,12.16
812.0,34.38,-7.37,12.1
812.5,34.38,-7.37,11.88
813.0,34.38,-7.37,12.35
813.5,34.38,-7.37,12.17
814.0,34.38,-7.37,11.86
814.5,34.38,-7.37,11.86
815.0,34.38,-7.31,11.7
815.5,34.38,-7.31,12.27
816.0,34.38,-7.31,11.77
816.5,34.38,-7.31,11.84
817.0,34.38,-7.31,12.1
817.5,34.38,-0.31,12.21
818.0,34.38,-7.31,12.26
818.5,34.38,-7.31,11.69
819.0,34.38,-7.31,11.83
819.5,34.38,-7.31,12.24
820.0,34.38,-7.31,11.86
820.5,34.38,-7.31,12.2
821.0,34.38,-7.31,11.92
821.5,34.38,-7.31,12.05
822.0,34.38,-7.31,12.14
822.5,34.38,-7.31,11.84
823.0,34.38,-7.31,11.82
823.5,34.38,-7.31,12.57
824.0,34.38,-7.31,12.24
824.5,34.38,-7.31,12.3
825.0,34.38,-7.31,11.71
825.5,34.38,-7.31,12.12
826.0,34.38,-7.31,11.78
826.5,34.38,-7.31,12.25
827.0,34.38,-7.31,12.05
827.5,34.38,-7.31,11.77
828.0,34.38,-7.31,12.03
828.5,34.38,-7.31,11.99
829.0,34.38,-7.31,11.74
829.5,34.38,-7.31,11.82
830.0,34.38,-7.31,11.95
830.5,34.38,-7.31,11.74
831.0,34.38,-7.31,11.99
831.5,34.38,-7.31,11.92
832.0,34.38,-7.31,12.22
832.5,34.38,-7.31,11.87
833.0,34.38,-7.31,12.17
833.5,34.38,-7.31,12.27
834.0,34.38,-7.31,12.26
834.5,34.38,-7.31,12.38
835.0,34.38,-7.31,11.74
835.5,34.38,-7.31,12.25
836.0,34.38,-7.31,11.6
836.5,34.38,-7.31,12.38
837.0,34.38,-7.31,12.31
837.5,34.38,-7.31,11.94
838.0,34.38,-7.31,12.65
838.5,34.38,-7.31,11.77
839.0,34.38,-7.31,11.93
839.5,34.38,-7.31,11.97
840.0,34.38,-7.31,11.8
840.5,34.38,-7.31,12.33
841.0,34.38,-7.31,11.85
841.5,34.38,-7.31,11.79
842.0,34.38,-7.31,12.03
842.5,34.38,-7.31,12.02
843.0,34.38,-7.37,12.09
843.5,34.38,-7.37,12.08
844.0,34.38,-7.37,11.81
844.5,34.38,-7.37,12.22
845.0,34.38,-7.37,11.68
845.5,34.38,-7.37,12.13
846.0,34.38,-7.37,12.27
846.5,34.38,-7.37,12.27
847.0,34.38,-7.37,11.64
847.5,34.38,-7.37,11.75
848.0,34.38,-7.37,1197.0
848.5,34.38,-7.37,11.79
849.0,34.38,-737.0,12.22
849.5,34.38,-7.37,11.79
850.0,34.38,7.37,11.86
850.5,34.38,-7.37,11.86
851.0,34.38,-7.37,12.17
851.5,34.38,-7.37,12.12
852.0,34.38,-7.37,11.78
852.5,34.38,-7.37,11.77
853.0,34.38,-7.37,12.26
853.5,34.38,-7.37,11.74
854.0,34.38,-7.37,11.81
854.5,34.38,-7.37,11.97
855.0,34.38,-7.37,12.13
855.5,34.38,-7.37,11.97
856.0,34.38,-7.37,11.64
856.5,34.38,-7.37,11.7
857.0,34.38,-7.37,12.63
857.5,34.38,-7.37,11.8
858.0,34.38,-7.37,11.99
858.5,34.38,-7.37,12.0
859.0,34.38,-7.37,12.1
859.5,34.38,-7.37,11.9
860.0,34.38,-7.37,11.93
860.5,34.38,-7.37,12.45
861.0,34.38,-7.37,11.81
861.5,34.38,-7.37,11.97
862.0,34.38,-7.37,12.0
862.5,34.38,-7.37,12.03
863.0,34.38,-7.37,11.86
863.5,34.38,-7.37,12.2
864.0,34.38,-7.37,12.0
864.5,34.38,-7.37,11.85
865.0,34.38,-7.37,11.86
865.5,34.38,-7.37,11.94
866.0,34.38,-7.37,11.98
866.5,34.38,-7.37,11.99
867.0,34.38,-7.37,11.92
867.5,34.38,-7.37,11.78
868.0,34.38,-7.37,1182.0
868.5,34.38,-7.37,11.82
869.0,34.38,-7.37,12.2
869.5,34.38,-7.37,11.69
870.0,34.38,-7.37,12.17
870.5,34.38,-7.37,12.15
871.0,34.38,-7.37,11.83
871.5,34.38,-7.37,11.99
872.0,34.38,-7.37,11.99
872.5,34.38,-7.37,11.85
873.0,34.38,-7.37,12.11
873.5,34.38,-7.37,11.89
874.0,34.38,-737.0,11.98
874.5,34.38,-7.37,12.25
875.0,34.38,-7.37,11.79
875.5,34.38,-7.37,12.29
876.0,34.38,-7.37,12.0
876.5,34.38,-7.37,12.18
877.0,34.38,-7.37,11.96
877.5,34.38,-7.37,11.72
878.0,34.38,-7.37,12.1
878.5,34.38,-7.37,12.26
879.0,34.38,-7.37,12.06
879.5,34.38,-7.37,12.07
880.0,34.38,-7.37,12.14
880.5,34.38,-7.37,11.92
881.0,34.38,-7.37,12.03
881.5,34.38,-7.37,11.87
882.0,34.38,-7.37,11.78
882.5,34.38,-7.37,12.22
883.0,34.38,-7.37,11.83
883.5,34.38,-7.37,12.12
884.0,34.38,-7.37,12.16
884.5,34.38,-7.37,12.19
885.0,34.38,-7.37,11.84
885.5,34.38,-7.37,12.07
886.0,34.38,-7.37,12.14
886.5,34.38,-7.37,11.81
887.0,34.38,-7.3,12.23
887.5,34.38,-7.37,11.85
888.0,34.38,-7.37,12.1
888.5,34.38,-7.37,11.81
889.0,34.38,-7.37,11.75
889.5,34.38,-7.37,12.43
890.0,34.38,-7.37,11.81
890.5,34.38,-7.37,11.92
891.0,34.38,-7.37,12.01
891.5,34.38,-7.37,12.3
892.0,34.38,-7.37,11.79
892.5,34.38,-7.37,11.95
893.0,34.38,-7.37,11.94
893.5,34.8,-7.37,11.72
894.0,34.38,-7.37,12.44
894.5,34.38,-7.37,11.9
895.0,34.38,-7.37,11.96
895.5,34.38,-7.37,11.75
896.0,34.38,-7.37,12.65
896.5,34.38,-7.37,11.96
897.0,34.38,-7.37,11.9
897.5,34.38,-7.37,11.92
898.0,34.38,-7.37,12.23
898.5,34.38,-7.37,12.36
899.0,34.38,-7.37,11.68
899.5,34.38,-7.37,11.96
900.0,34.38,-7.37,12.35
900.5,34.38,-7.37,11.99
901.0,34.38,-7.37,11.92
901.5,34.38,-7.37,12.03
902.0,34.38,-7.37,11.85
902.5,34.38,-7.37,12.12
903.0,34.38,-7.37,11.71
903.5,34.38,-7.37,11.87
904.0,34.38,-7.37,12.16
904.5,34.38,-7.37,12.0
905.0,34.38,-7.37,11.69
905.5,34.38,-7.37,11.73
906.0,34.38,-7.37,11.71
906.5,34.38,-7.37,12.28
907.0,34.38,-7.37,11.7
907.5,34.38,-7.37,11.69
908.0,34.38,-7.37,11.81
908.5,34.38,-7.37,12.17
909.0,34.38,-7.37,12.19
909.5,34.38,-7.37,11.95
910.0,34.38,-7.37,11.95
910.5,34.38,-7.37,11.99
911.0,34.38,-7.37,11.7
911.5,34.38,-7.37,11.86
912.0,34.38,-7.37,11.96
912.5,34.38,-7.37,11.86
913.0,34.38,-7.37,11.98
913.5,34.38,-7.37,11.74
914.0,34.38,-7.37,12.72
914.5,34.38,-7.37,11.72
915.0,34.38,-7.37,12.14
915.5,34.38,-7.37,12.23
916.0,34.38,-7.37,11.81
916.5,34.38,-7.37,11.99
917.0,34.38,-7.37,12.55
917.5,34.38,-7.37,11.92
918.0,34.38,-7.37,12.17
918.5,34.38,-7.37,11.92
919.0,34.38,-7.37,11.9
919.5,34.38,-7.37,11.89
920.0,34.38,-7.37,11.76
920.5,34.38,-7.37,12.17
921.0,34.38,-7.37,12.21
921.5,34.38,-7.37,11.83
922.0,34.38,-7.37,12.18
922.5,34.38,-7.37,11.81
923.0,34.38,-7.37,12.02
923.5,34.38,-7.37,12.7
924.0,34.38,-7.37,12.1
924.5,34.38,-7.37,11.9
925.0,34.38,-7.37,12.16
925.5,34.38,-7.37,12.34
926.0,34.38,-7.37,11.78
926.5,34.38,-7.37,11.97
927.0,34.38,-7.37,12.31
927.5,34.38,-7.37,11.76
928.0,34.38,-7.37,11.88
928.5,34.38,-7.37,12.18
929.0,34.38,-7.37,11.82
929.5,34.38,-7.37,11.72
930.0,34.38,-7.37,11.96
930.5,34.38,-7.37,12.03
931.0,34.38,-7.37,11.98
931.5,34.38,-7.37,12.69
932.0,34.38,-7.37,11.96
932.5,34.38,-7.37,11.81
933.0,34.38,-7.37,11.71
933.5,34.38,-7.37,12.13
934.0,34.38,-7.37,11.8
934.5,34.38,-7.37,12.26
935.0,34.38,-7.37,12.14
935.5,34.38,-7.37,11.92
936.0,34.38,-7.37,11.8
936.5,34.38,-7.37,1222.0
937.0,3438.0,-7.37,12.14
937.5,34.38,-7.37,12.29
938.0,34.38,-7.37,12.09
938.5,34.38,-7.37,12.09
939.0,34.38,-7.37,12.39
939.5,34.38,-7.37,11.7
940.0,34.38,-7.37,11.87
940.5,34.38,-7.37,12.02
941.0,34.38,-7.37,12.55
941.5,34.38,-7.37,11.9
942.0,34.38,-7.37,11.96
942.5,34.38,-7.37,12.16
943.0,34.38,-7.37,11.7
943.5,34.38,-7.37,12.19
944.0,34.38,-7.37,12.09
944.5,34.38,-7.37,12.09
945.0,34.38,-7.37,11.9
945.5,34.38,-7.37,12.25
946.0,34.38,-7.37,11.78
946.5,34.38,-7.37,12.15
947.0,34.38,-7.37,11.63
947.5,34.38,-7.37,12.23
948.0,34.38,-7.37,11.97
948.5,34.38,-7.37,11.75
949.0,34.38,-7.44,11.96
949.5,34.38,-7.44,11.74
950.0,34.38,-7.44,12.05
950.5,34.38,-7.44,12.03
951.0,34.38,-7.44,11.9
951.5,34.38,-7.44,11.96
952.0,34.38,-7.44,11.89
952.5,34.38,-7.44,11.86
953.0,34.38,-7.44,12.31
953.5,34.38,-7.44,11.82
954.0,34.38,-7.44,12.33
954.5,34.38,-7.44,11.8
955.0,34.38,-7.44,11.87
955.5,34.38,-7.44,11.96
956.0,34.38,-7.44,12.23
956.5,34.38,-7.44,12.16
957.0,34.38,-7.44,11.8
957.5,34.38,-7.44,11.96
958.0,34.38,-7.44,11.77
958.5,34.38,-7.44,12.25
959.0,34.38,-7.44,12.19
959.5,34.38,-7.44,12.15
960.0,34.38,-7.44,11.85
960.5,34.38,-7.44,11.9
961.0,34.38,-7.44,12.15
961.5,34.38,-7.44,12.0
962.0,34.38,-7.44,11.95
962.5,34.38,-7.44,11.67
963.0,34.38,-7.44,12.03
963.5,34.38,-7.44,12.45
964.0,34.38,-7.44,12.54
964.5,34.38,-7.44,12.17
965.0,34.38,-7.44,11.89
965.5,34.38,-7.44,12.23
966.0,34.38,-7.37,11.69
966.5,34.38,-7.37,11.98
967.0,34.38,-7.37,11.73
967.5,34.38,-7.37,12.12
968.0,34.38,-7.37,11.81
968.5,34.38,-7.37,12.23
969.0,34.38,-7.37,11.84
969.5,34.38,-7.37,12.21
970.0,34.38,-7.37,12.31
970.5,34.38,-7.37,11.85
971.0,34.38,-7.37,12.14
971.5,34.38,-7.37,11.9
972.0,34.38,-7.37,12.07
972.5,34.38,-7.37,11.71
973.0,34.38,-7.37,11.77
973.5,34.38,-7.37,11.95
974.0,34.38,-7.37,12.14
974.5,34.38,-7.37,11.94
975.0,34.38,-7.37,11.9
975.5,34.38,-7.37,11.77
976.0,34.38,-7.37,11.84
976.5,34.38,-7.37,11.88
977.0,34.38,-7.37,12.23
977.5,34.38,-7.37,12.01
978.0,34.38,-7.37,11.87
978.5,34.38,-7.37,12.01
979.0,34.38,-7.37,12.29
979.5,34.38,-7.37,12.08
980.0,34.38,-7.37,12.22
980.5,34.38,-7.37,12.4
981.0,34.38,-7.37,11.76
981.5,34.38,-7.37,11.95
982.0,34.38,-7.37,12.0
982.5,34.38,-7.37,11.85
983.0,34.38,-7.37,11.9
983.5,34.38,-7.37,11.75
984.0,34.38,-7.37,11.79
984.5,34.38,-7.37,12.03
985.0,34.38,-7.37,12.08
985.5,34.38,-7.37,12.41
986.0,34.38,-7.37,11.6
986.5,34.38,-7.37,12.12
987.0,34.38,-7.37,11.85
987.5,34.38,-7.37,11.9
988.0,34.38,-7.37,11.69
988.5,34.38,-7.37,12.31
989.0,34.38,-7.37,11.85
989.5,34.38,-7.37,12.28
990.0,34.38,-7.37,11.85
990.5,34.38,-7.37,12.02
991.0,34.38,-7.37,12.65
991.5,34.38,-7.37,12.23
992.0,34.38,-7.37,12.29
992.5,34.38,-7.37,12.3
993.0,34.38,-7.37,12.48
993.5,34.38,-7.37,11.93
994.0,34.38,-7.44,12.11
994.5,34.38,-7.44,11.98
995.0,34.38,-7.44,12.17
995.5,34.38,-7.44,11.71
996.0,34.38,-7.44,11.85
996.5,34.38,-7.44,12.18
997.0,34.38,-7.44,11.83
997.5,34.38,-7.44,11.8
998.0,34.38,-7.44,12.75
998.5,34.38,-7.44,11.75
999.0,34.38,-7.44,11.9
999.5,34.38,-7.44,12.21
1000.0,34.38,-7.44,0.78
1000.5,34.38,-7.44,11.85
1001.0,34.38,-7.44,11.94
1001.5,34.38,-7.44,11.98
1002.0,34.38,-7.44,12.11
1002.5,34.38,-7.44,12.05
1003.0,34.38,-7.44,11.79
1003.5,34.38,-7.44,11.88
1004.0,34.38,-7.44,11.68
1004.5,34.38,-7.44,12.18
1005.0,34.38,-7.44,11.84
1005.5,34.44,-7.44,11.97
1006.0,34.44,-7.44,12.19
1006.5,34.44,-7.44,11.87
1007.0,34.44,-7.44,11.73
1007.5,34.44,-7.44,11.7
1008.0,34.44,-7.44,12.32
1008.5,34.44,-7.44,11.78
1009.0,34.44,-7.44,11.95
1009.5,34.44,-7.44,11.86
1010.0,34.44,-7.44,12.17
1010.5,34.44,-7.44,11.93
1011.0,34.44,-7.44,11.91
1011.5,34.44,-7.44,11.81
1012.0,34.44,-7.44,12.25
1012.5,34.44,-7.44,11.9
1013.0,34.44,-7.44,11.73
1013.5,34.38,-7.44,11.73
1014.0,34.38,-7.44,11.93
1014.5,34.38,-7.44,11.99
1015.0,34.38,-7.44,12.0
1015.5,34.38,-7.44,11.89
1016.0,34.38,-7.44,11.92
1016.5,34.38,-7.44,12.43
1017.0,34.38,-7.44,11.75
1017.5,34.38,-7.44,12.07
1018.0,34.38,-7.44,12.03
1018.5,34.38,-7.44,12.76
1019.0,34.38,-7.44,11.95
1019.5,34.38,-7.44,11.96
1020.0,34.38,-7.44,12.12
1020.5,34.38,-7.44,12.43
1021.0,34.38,-7.44,11.86
1021.5,34.38,-7.44,11.87
1022.0,34.38,-7.44,11.95
1022.5,34.38,-7.44,11.75
1023.0,34.38,-7.44,12.1
1023.5,34.38,-7.44,11.93
1024.0,34.38,-7.44,11.81
1024.5,34.38,-7.44,12.01
1025.0,34.38,-7.44,12.17
1025.5,34.38,-7.44,11.96
1026.0,34.38,-7.44,11.76
1026.5,34.38,-7.44,11.69
1027.0,34.38,-7.44,12.1
1027.5,34.38,-7.44,12.29
1028.0,34.38,-7.44,11.98
1028.5,34.38,-7.44,12.13
1029.0,34.38,-7.44,11.71
1029.5,34.38,-7.44,12.22
1030.0,34.38,-7.44,11.91
1030.5,34.38,-7.44,11.83
1031.0,34.38,-7.44,11.82
1031.5,34.38,-7.44,11.85
1032.0,34.38,-7.44,11.89
1032.5,34.38,-7.44,11.75
1033.0,34.38,-7.44,11.97
1033.5,34.38,-7.44,12.06
1034.0,34.38,-7.44,11.85
1034.5,34.38,-7.44,12.23
1035.0,34.38,-7.44,11.8
1035.5,34.38,-7.44,11.93
1036.0,34.38,-7.44,12.01
1036.5,34.38,-7.44,12.17
1037.0,34.38,-7.44,11.69
1037.5,34.38,-7.44,12.18
1038.0,34.44,-744.0,12.24
1038.5,34.44,-7.44,11.75
1039.0,34.44,-7.44,12.15
1039.5,34.44,-7.44,11.77
1040.0,34.44,-7.44,11.8
1040.5,34.44,-7.44,11.8
1041.0,34.44,-7.44,11.85
1041.5,34.44,-7.44,11.87
1042.0,34.44,-7.44,12.28
1042.5,34.44,-7.44,12.24
1043.0,34.44,-7.44,12.15
1043.5,34.44,-7.44,0.05
1044.0,34.44,-7.44,11.74
1044.5,34.44,-7.44,11.98
1045.0,34.44,-7.44,12.23
1045.5,34.44,-7.44,12.25
1046.0,34.44,-7.44,12.38
1046.5,34.44,-7.44,12.07
1047.0,34.44,-7.44,11.94
1047.5,34.44,-7.44,11.97
1048.0,34.44,-7.44,11.96
1048.5,34.44,-7.44,12.18
1049.0,34.44,-7.44,11.76
1049.5,34.44,-7.44,11.88
1050.0,34.44,-7.44,12.18
1050.5,34.44,-7.44,12.02
1051.0,34.44,-7.44,12.24
1051.5,34.44,-7.44,11.69
1052.0,34.44,-7.44,11.77
1052.5,34.44,-7.44,12.0
1053.0,34.44,-7.44,11.94
1053.5,34.44,-7.44,12.16
1054.0,34.44,-7.44,12.52
1054.5,34.44,-7.44,12.34
1055.0,34.44,-7.44,12.33
1055.5,34.44,-7.44,12.56
1056.0,34.44,-7.44,12.31
1056.5,34.44,-7.44,12.18
1057.0,34.44,-7.44,12.14
1057.5,34.44,-7.44,12.09
1058.0,34.44,-7.44,11.84
1058.5,34.44,-7.44,11.83
1059.0,34.44,-7.44,12.48
1059.5,34.44,-7.44,11.92
1060.0,34.44,-7.44,11.74
1060.5,34.44,-7.44,12.02
1061.0,34.44,-7.44,12.02
1061.5,34.44,-7.44,11.84
1062.0,34.44,-7.44,12.4
1062.5,34.44,-7.44,11.76
1063.0,34.44,-7.44,12.15
1063.5,34.44,-7.44,11.84
1064.0,34.44,-7.44,12.35
1064.5,34.44,-7.44,12.27
1065.0,34.44,-7.44,12.7
1065.5,34.44,-7.44,12.21
1066.0,34.44,-7.44,11.8
1066.5,34.44,-7.44,11.94
1067.0,34.44,-7.44,12.06
1067.5,34.44,-7.44,11.9
1068.0,34.44,-7.44,11.81
1068.5,34.44,-7.44,12.29
1069.0,34.44,-7.44,12.5
1069.5,34.44,-7.44,12.19
1070.0,34.44,-7.44,11.9
1070.5,34.44,-7.44,11.82
1071.0,34.44,-7.44,11.99
1071.5,34.44,-7.44,12.35
1072.0,34.44,-7.44,11.96
1072.5,34.44,-7.44,11.69
1073.0,34.44,-7.44,11.91
1073.5,34.44,-7.44,12.54
1074.0,34.44,-7.44,12.32
1074.5,34.44,-7.44,11.88
1075.0,34.44,-7.44,11.79
1075.5,34.44,-7.44,12.03
1076.0,34.44,-7.44,11.79
1076.5,34.44,-7.44,11.9
1077.0,34.44,-7.44,11.93
1077.5,34.44,-7.44,11.91
1078.0,34.44,-7.44,12.16
1078.5,34.44,-7.44,11.79
1079.0,34.44,-7.44,12.07
1079.5,34.44,-7.44,12.03
1080.0,34.44,-7.44,11.96
1080.5,34.44,-7.44,12.01
1081.0,34.44,-7.44,12.12
1081.5,34.44,-7.44,12.35
1082.0,34.44,-7.44,12.15
1082.5,34.44,-7.44,12.27
1083.0,34.44,-7.44,11.81
1083.5,34.44,-7.44,12.0
1084.0,34.44,-7.44,11.9
1084.5,34.44,-7.44,11.93
1085.0,34.44,-7.44,12.05
1085.5,34.44,-7.44,11.82
1086.0,34.44,-7.44,11.64
1086.5,34.44,-7.44,11.94
1087.0,34.44,-7.44,12.31
1087.5,34.44,-7.44,12.08
1088.0,34.44,-7.44,11.87
1088.5,34.44,-7.44,11.86
1089.0,34.44,-7.44,1196.0
1089.5,34.44,-7.44,11.68
1090.0,34.44,-7.44,11.64
1090.5,34.44,-7.44,12.54
1091.0,34.44,-7.44,12.06
1091.5,34.44,-7.44,11.97
1092.0,34.44,-7.44,11.83
1092.5,34.44,-7.44,12.13
1093.0,34.44,-7.44,11.95
1093.5,34.44,-7.44,11.84
1094.0,34.44,-7.44,11.87
1094.5,34.44,-7.44,12.01
1095.0,34.44,-7.44,11.72
1095.5,34.44,-7.44,11.92
1096.0,34.44,-7.44,12.29
1096.5,34.44,-7.44,12.01
1097.0,34.44,-7.44,11.91
1097.5,34.44,-7.44,11.96
1098.0,34.44,-7.44,12.06
1098.5,34.44,-7.44,11.7
1099.0,34.44,-7.44,12.47
1099.5,34.44,-7.44,11.86
1100.0,34.44,-7.44,12.07
1100.5,34.44,-7.44,12.31
1101.0,34.44,-7.44,11.85
1101.5,34.44,-7.44,11.94
1102.0,34.44,-7.44,12.25
1102.5,34.44,-7.44,12.02
1103.0,34.44,-7.44,12.3
1103.5,34.44,-7.44,11.99
1104.0,34.44,-7.37,11.85
1104.5,34.44,-7.37,12.03
1105.0,34.44,-7.37,11.85
1105.5,34.44,-7.44,11.87
1106.0,34.44,-7.44,12.42
1106.5,34.44,-7.44,11.9
1107.0,34.44,-7.44,11.79
1107.5,34.44,-7.44,11.86
1108.0,34.44,7.37,11.86
1108.5,34.44,-7.37,11.84
1109.0,34.44,-7.37,12.57
1109.5,34.44,-7.37,11.82
1110.0,34.44,-7.37,12.01
1110.5,34.44,-7.37,11.83
1111.0,34.44,-7.37,12.2
1111.5,34.44,-7.37,12.11
1112.0,34.44,-7.37,12.3
1112.5,34.44,-7.37,12.19
1113.0,34.44,-7.37,12.35
1113.5,34.44,-7.37,12.11
1114.0,34.44,-7.37,11.81
1114.5,34.44,-7.37,12.19
1115.0,34.44,-7.37,12.19
1115.5,34.44,-7.37,11.9
1116.0,34.44,-7.37,11.83
1116.5,34.44,-7.37,11.93
1117.0,34.44,-7.37,12.71
1117.5,34.44,-7.37,11.83
1118.0,34.44,-7.37,12.18
1118.5,34.44,-7.37,11.84
1119.0,34.44,-7.37,11.83
1119.5,34.44,-7.37,12.28
1120.0,34.44,-7.37,12.01
1120.5,34.44,-7.37,11.8
1121.0,34.44,-7.37,12.05
1121.5,34.44,-7.37,11.89
1122.0,34.44,-7.37,12.17
1122.5,34.44,-7.37,11.91
1123.0,34.44,-7.37,12.15
1123.5,34.44,-7.37,11.76
1124.0,34.44,-7.37,11.85
1124.5,34.44,-7.37,11.93
1125.0,34.44,-7.37,11.59
1125.5,34.44,-7.37,12.09
1126.0,34.44,-7.37,11.73
1126.5,34.44,-7.37,11.63
1127.0,34.4,-7.37,11.92
1127.5,34.44,-7.37,11.8
1128.0,34.44,-7.37,11.7
1128.5,34.44,-7.37,12.64
1129.0,34.44,-7.37,11.93
1129.5,34.44,-7.37,11.98
1130.0,34.44,-7.37,12.51
1130.5,34.44,-7.37,11.87
1131.0,34.44,-7.37,11.82
1131.5,34.44,-7.37,11.69
1132.0,34.44,-7.37,12.12
1132.5,34.44,-7.37,11.81
1133.0,34.44,-7.37,11.86
1133.5,34.44,-7.37,11.87
1134.0,34.44,-7.37,12.08
1134.5,34.44,-7.37,12.32
1135.0,34.44,-7.37,11.82
1135.5,34.44,-7.37,11.89
1136.0,34.44,-7.37,11.8
1136.5,34.44,-7.37,11.83
1137.0,34.44,-7.37,11.83
1137.5,34.44,-7.37,12.23
1138.0,34.44,-7.37,12.26
1138.5,34.44,-7.37,11.88
1139.0,34.44,-7.37,11.8
1139.5,34.44,-7.37,12.25
1140.0,34.44,-7.37,11.99
1140.5,34.44,-7.37,12.24
1141.0,34.44,-7.37,12.18
1141.5,34.44,-7.37,11.93
1142.0,34.44,-7.37,11.95
1142.5,34.44,-7.37,12.15
1143.0,34.44,-7.37,11.93
1143.5,34.44,-7.37,12.04
1144.0,34.44,-7.37,11.62
1144.5,34.5,-7.37,11.83
1145.0,34.5,-7.44,12.21
1145.5,34.5,-7.44,11.73
1146.0,34.5,-7.44,12.26
1146.5,34.5,-7.44,11.95
1147.0,34.5,-7.44,11.73
1147.5,34.5,-7.44,11.95
1148.0,34.44,-7.44,11.77
1148.5,34.44,-7.44,12.16
1149.0,34.44,-7.44,12.37
1149.5,34.44,-7.44,12.36
1150.0,34.44,-7.44,11.88
1150.5,34.44,-7.44,11.99
1151.0,34.44,-7.44,12.17
1151.5,34.44,-7.44,12.29
1152.0,34.44,-7.44,12.11
1152.5,34.44,-7.44,11.73
1153.0,34.44,-7.44,11.74
1153.5,34.44,-7.44,12.06
1154.0,34.44,-7.44,11.95
1154.5,34.44,-7.44,11.8
1155.0,34.44,-7.44,11.81
1155.5,34.44,-7.44,12.11
1156.0,34.44,-7.44,11.84
1156.5,34.44,-7.44,12.22
1157.0,34.44,-7.44,11.77
1157.5,34.44,-7.44,12.22
1158.0,34.44,-7.44,11.96
1158.5,34.44,-7.44,12.08
1159.0,3444.0,-7.44,11.99
1159.5,34.44,-7.44,12.22
1160.0,34.44,-7.44,12.12
1160.5,34.44,-7.44,11.87
1161.0,34.44,-7.44,12.14
1161.5,34.44,-7.44,12.2
1162.0,34.44,-7.44,11.7
1162.5,34.44,-7.44,11.87
1163.0,34.44,-7.44,12.43
1163.5,34.44,-7.44,11.78
1164.0,34.44,-7.44,11.96
1164.5,34.44,-7.44,12.97
1165.0,34.44,7.44,11.81
1165.5,34.44,-7.44,12.05
1166.0,34.44,-7.44,11.74
1166.5,34.44,-7.44,11.84
1167.0,34.44,-7.44,12.04
1167.5,34.44,-7.44,11.92
1168.0,34.5,-7.44,12.04
1168.5,34.5,-7.44,11.79
1169.0,34.5,-7.5,12.57
1169.5,34.5,-7.44,11.89
1170.0,34.5,-7.44,11.82
1170.5,34.5,-7.44,11.89
1171.0,34.5,-7.44,12.13
1171.5,34.5,-7.44,12.15
1172.0,34.5,-7.44,11.88
1172.5,34.5,-7.44,12.03
1173.0,34.5,-7.44,11.81
1173.5,34.5,-7.44,11.77
1174.0,34.5,-7.44,12.24
1174.5,34.5,-7.44,11.7
1175.0,34.5,-7.44,12.5
1175.5,34.5,-7.44,11.9
1176.0,34.5,-744.0,12.07
1176.5,34.5,-7.44,12.28
1177.0,34.5,-7.44,11.75
1177.5,34.5,-7.44,12.31
1178.0,34.5,-7.44,11.93
1178.5,34.5,-7.44,11.78
1179.0,34.5,-7.44,11.93
1179.5,34.5,-7.44,11.85
1180.0,34.5,-7.44,12.6
1180.5,34.5,-7.44,11.85
1181.0,34.5,-7.44,12.38
1181.5,34.5,-7.44,12.16
1182.0,34.5,-7.44,11.7
1182.5,34.5,-7.44,12.02
1183.0,34.5,-7.44,11.77
1183.5,34.5,-7.44,12.28
1184.0,34.5,-7.44,11.85
1184.5,34.5,-7.44,11.89
1185.0,34.5,-7.44,12.66
1185.5,34.5,-7.44,12.13
1186.0,34.5,-7.44,12.15
1186.5,34.5,-7.44,11.99
1187.0,34.5,-7.44,11.85
1187.5,34.5,-7.4,12.31
1188.0,34.5,-7.44,1201.0
1188.5,34.5,-7.44,11.97
1189.0,34.5,-7.44,12.01
1189.5,34.5,-7.44,12.22
1190.0,34.5,-7.44,11.9
1190.5,34.5,-7.44,12.31
1191.0,34.5,-7.44,11.99
1191.5,34.5,-7.44,12.03
1192.0,34.5,-7.44,11.86
1192.5,34.5,-7.44,12.02
1193.0,34.5,-7.44,11.94
1193.5,34.5,-7.44,12.09
1194.0,34.5,-7.44,12.18
1194.5,34.0,-7.44,12.0
1195.0,34.5,-7.44,12.33
1195.5,34.5,-7.44,11.83
1196.0,34.5,-7.44,11.82
1196.5,34.5,-7.44,12.19
1197.0,34.5,-7.44,11.96
1197.5,34.5,-7.44,11.84
1198.0,34.5,-7.44,11.93
1198.5,34.5,-7.44,11.95
1199.0,34.5,-7.44,11.95
1199.5,34.5,-7.44,11.94
1200.0,34.5,-7.44,1.38
1200.5,34.5,-7.44,0.98
1201.0,34.44,-6.75,1.17
1201.5,34.3,-6.5,0.86
1202.0,34.19,-5.62,0.74
1202.5,34.0,-5.25,0.59
1203.0,33.94,-4.5,0.46
1203.5,33.81,-4.12,0.86
1204.0,33.69,-3.37,0.42
1204.5,33.56,-3.06,0.59
1205.0,33.56,-2.31,0.64
1205.5,33.5,-2.06,0.22
1206.0,33.44,-1.37,0.25
1206.5,33.38,-1.0,0.23
1207.0,33.38,-0.44,0.56
1207.5,33.31,-0.19,0.09
1208.0,33.31,0.37,0.28
1208.5,33.19,0.75,0.37
1209.0,33.19,1.25,0.2
1209.5,33.06,1.62,0.13
1210.0,33.06,2.12,0.33
1210.5,33.06,2.44,0.48
1211.0,33.0,2.87,0.03
1211.5,32.94,3.0,0.35
1212.0,32.88,3.62,0.0
1212.5,32.88,3.75,0.0
1213.0,32.88,4.25,0.23
1213.5,32.81,4.5,0.0
1214.0,32.81,4.94,0.27
1214.5,32.81,5.06,0.0
1215.0,32.69,5.5,0.0
1215.5,32.69,5.69,0.11
1216.0,32.69,6.19,0.0
1216.5,32.63,6.31,0.0
1217.0,32.63,6.69,0.64
1217.5,32.63,6.87,0.01
1218.0,32.56,7.12,0.0
1218.5,32.5,7.75,0.0
1219.0,32.44,8.0,0.0
1219.5,32.44,8.25,0.0
1220.0,32.44,8.63,0.0
1220.5,32.44,8.75,0.11
1221.0,32.44,8.88,0.0
1221.5,32.38,9.19,0.0
1222.0,32.38,9.38,0.0
1222.5,32.31,9.69,0.0
1223.0,32.31,10.0,0.18
1223.5,32.25,10.13,0.0
1224.0,32.25,10.25,0.0
1224.5,32.25,10.5,0.0
1225.0,32.25,10.63,0.0
1225.5,32.25,10.88,0.0
1226.0,32.19,11.13,0.0
1226.5,32.19,11.31,0.0
1227.0,32.19,11.44,0.0
1227.5,32.13,11.69,0.0
1228.0,32.13,11.88,0.0
1228.5,32.06,12.0,0.0
1229.0,32.06,12.13,0.0
1229.5,32.06,12.31,0.0
1230.0,32.06,12.5,0.0
1230.5,32.0,12.69,0.0
1231.0,32.0,12.94,0.0
1231.5,32.0,13.0,0.0
1232.0,31.94,13.13,0.0
1232.5,31.94,13.25,0.0
1233.0,31.94,13.38,0.0
1233.5,31.87,13.63,0.0
1234.0,31.87,13.81,0.0
1234.5,31.81,13.81,0.0
1235.0,31.81,13.94,0.0
1235.5,31.81,14.19,0.0
1236.0,31.81,14.31,0.0
1236.5,31.81,14.44,0.0
1237.0,31.81,14.56,0.0
1237.5,31.81,14.69,0.0
1238.0,31.75,14.81,0.0
1238.5,31.75,15.0,0.0
1239.0,31.75,15.06,0.0
1239.5,31.75,15.19,0.0
1240.0,31.75,15.38,0.0
1240.5,31.75,15.38,0.0
1241.0,31.75,15.5,0.0
1241.5,31.69,15.69,0.0
1242.0,31.69,15.81,0.0
1242.5,31.69,15.88,0.0
1243.0,31.62,16.0,0.0
1243.5,31.62,16.12,0.0
1244.0,31.62,16.31,0.0
1244.5,31.62,16.37,0.0
1245.0,31.56,16.56,0.0
1245.5,31.56,16.62,0.0
1246.0,31.56,16.69,0.0
1246.5,31.56,16.94,0.0
1247.0,31.56,16.94,0.0
1247.5,31.56,17.06,0.0
1248.0,31.56,17.19,0.0
1248.5,31.56,17.19,0.0
1249.0,31.56,17.37,0.0
1249.5,31.56,17.5,0.0
1250.0,31.5,17.56,0.0
1250.5,31.5,17.69,0.0
1251.0,31.5,17.69,0.0
1251.5,31.5,17.81,0.0
1252.0,31.44,17.87,0.0
1252.5,31.44,18.06,0.0
1253.0,31.44,18.06,0.0
1253.5,31.44,18.25,0.0
1254.0,31.44,18.31,0.0
1254.5,31.44,1837.0,0.0
1255.0,31.44,18.37,0.0
1255.5,31.44,18.5,0.0
1256.0,31.44,18.56,0.0
1256.5,31.37,18.62,0.0
1257.0,31.37,18.75,0.0
1257.5,31.37,18.87,0.0
1258.0,31.37,18.94,0.0
1258.5,31.37,19.0,0.0
1259.0,31.37,19.12,0.0
1259.5,31.37,19.19,0.0
1260.0,31.31,19.19,0.0
1260.5,31.31,19.31,0.0
1261.0,31.31,19.37,0.0
1261.5,31.25,19.44,0.0
1262.0,31.25,19.5,0.0
1262.5,31.25,19.62,0.0
1263.0,31.25,19.62,0.0
1263.5,31.25,19.75,0.0
1264.0,31.25,19.75,0.0
1264.5,31.25,19.87,0.0
1265.0,31.25,19.94,0.0
1265.5,31.25,20.06,0.0
1266.0,31.25,20.06,0.0
1266.5,31.25,20.12,0.0
1267.0,31.25,20.19,0.0
1267.5,31.25,20.25,0.0
1268.0,31.25,20.25,0.0
1268.5,31.25,20.37,0.0
1269.0,31.25,20.44,0.0
1269.5,31.25,20.5,0.0
1270.0,31.25,20.56,0.0
1270.5,31.19,20.62,0.0
1271.0,31.19,20.62,0.0
1271.5,31.19,20.81,0.0
1272.0,31.19,20.81,0.0
1272.5,31.19,20.81,0.0
1273.0,31.19,20.87,0.0
1273.5,31.19,21.0,0.0
1274.0,31.12,21.06,0.0
1274.5,31.12,21.12,0.0
1275.0,31.12,21.12,0.0
1275.5,31.12,21.25,0.0
1276.0,31.12,21.31,0.0
1276.5,31.12,21.37,0.0
1277.0,31.12,21.37,0.0
1277.5,31.12,21.44,0.0
1278.0,31.12,21.5,0.0
1278.5,31.12,21.56,0.0
1279.0,31.12,21.62,0.0
1279.5,31.12,21.69,0.0
1280.0,31.12,21.69,0.0
1280.5,31.12,21.75,0.0
1281.0,31.12,21.75,0.0
1281.5,31.12,21.87,0.0
1282.0,31.12,21.94,0.0
1282.5,31.12,22.0,0.0
1283.0,31.06,22.06,0.0
1283.5,31.06,22.12,0.0
1284.0,31.06,22.12,0.0
1284.5,31.06,22.19,0.0
1285.0,31.06,22.25,0.0
1285.5,31.06,22.31,0.0
1286.0,31.06,22.37,0.0
1286.5,31.06,22.37,0.0
1287.0,31.06,22.37,0.0
1287.5,31.06,22.5,0.0
1288.0,31.06,22.5,0.0
1288.5,31.06,22.56,0.0
1289.0,31.06,22.62,0.0
1289.5,31.06,22.69,0.0
1290.0,31.06,22.69,0.0
1290.5,31.0,22.81,0.0
1291.0,31.06,22.81,0.0
1291.5,31.0,22.81,0.0
1292.0,31.06,22.87,0.0
1292.5,31.06,22.94,0.0
1293.0,31.06,22.94,0.0
1293.5,31.06,23.0,0.0
1294.0,31.06,23.06,0.0
1294.5,31.0,23.19,0.0
1295.0,31.0,23.19,0.0
1295.5,31.0,23.19,0.0
1296.0,31.0,23.19,0.0
1296.5,30.94,23.25,0.0
1297.0,30.94,23.44,0.0
1297.5,30.94,23.44,0.0
1298.0,30.94,23.44,0.0
1298.5,30.94,23.44,0.0
1299.0,30.94,23.44,0.0
1299.5,30.94,23.56,0.0
1300.0,30.94,23.56,0.0
1300.5,30.94,23.56,0.0
1301.0,30.94,23.62,0.0
1301.5,30.94,23.69,0.0
1302.0,30.94,23.69,0.0
1302.5,30.94,23.75,0.0
1303.0,30.94,23.87,0.0
1303.5,30.94,23.87,0.0
1304.0,30.94,23.87,0.0
1304.5,30.94,23.87,0.0
1305.0,30.94,24.0,0.0
1305.5,30.94,24.0,0.0
1306.0,30.94,24.0,0.0
1306.5,30.94,24.06,0.0
1307.0,30.94,24.06,0.0
1307.5,30.94,24.12,0.0
1308.0,30.94,24.19,0.0
1308.5,30.94,24.25,0.0
1309.0,30.94,24.25,0.0
1309.5,30.94,24.25,0.0
1310.0,30.94,24.25,0.0
1310.5,30.94,24.31,0.0
1311.0,30.94,24.44,0.0
1311.5,30.94,24.44,0.0
1312.0,30.94,24.44,0.0
1312.5,30.94,24.44,0.0
1313.0,30.94,24.5,0.0
1313.5,30.94,24.5,0.0
1314.0,30.94,24.62,0.0
1314.5,30.94,24.62,0.0
1315.0,30.94,24.62,0.0
1315.5,30.94,24.62,0.0
1316.0,30.94,24.75,0.0
1316.5,30.94,24.75,0.0
1317.0,30.94,24.81,0.0
1317.5,30.94,24.81,0.0
1318.0,30.94,24.94,0.0
1318.5,30.94,24.94,0.0
1319.0,30.94,24.94,0.0
1319.5,30.94,24.94,0.0
1320.0,30.94,25.0,0.0
1320.5,30.94,25.0,0.0
1321.0,30.94,25.0,0.0
1321.5,30.94,25.06,0.0
1322.0,30.94,25.12,0.0
1322.5,30.94,25.12,0.0
1323.0,30.94,25.19,0.0
1323.5,30.94,25.19,0.0
1324.0,30.94,25.25,0.0
1324.5,30.94,25.25,0.0
1325.0,30.94,25.25,0.0
1325.5,30.94,25.25,0.0
1326.0,30.9,25.31,0.0
1326.5,30.94,25.37,0.0
1327.0,30.94,25.37,0.0
1327.5,30.94,25.44,0.0
1328.0,30.94,25.44,0.0
1328.5,30.94,25.44,0.0
1329.0,30.94,25.5,0.0
1329.5,30.94,25.5,0.0
1330.0,30.94,25.56,0.0
1330.5,30.94,25.56,0.0
1331.0,30.94,25.62,0.0
1331.5,30.94,25.62,0.0
1332.0,30.94,25.62,0.0
1332.5,30.94,25.69,0.0
1333.0,30.94,25.69,0.0
1333.5,30.94,25.75,0.0
1334.0,30.94,25.75,0.0
1334.5,30.94,25.75,0.0
1335.0,30.94,25.81,0.0
1335.5,30.94,25.81,0.0
1336.0,30.94,25.81,0.0
1336.5,30.94,25.87,0.0
1337.0,30.94,25.87,0.0
1337.5,30.94,26.0,0.0
1338.0,30.94,26.0,0.0
1338.5,30.94,26.0,0.0
1339.0,30.94,26.0,0.0
1339.5,30.94,26.0,0.0
1340.0,30.94,26.06,0.0
1340.5,30.94,26.06,0.0
1341.0,30.94,26.06,0.0
1341.5,30.94,26.06,0.0
1342.0,30.94,26.19,0.0
1342.5,30.94,26.19,0.0
1343.0,30.94,26.19,0.0
1343.5,3094.0,26.25,0.0
1344.0,30.94,26.25,0.0
1344.5,30.94,26.25,0.0
1345.0,30.94,26.25,0.0
1345.5,30.94,26.25,0.0
1346.0,30.94,26.31,0.0
1346.5,30.94,26.31,0.0
1347.0,30.94,26.37,0.0
1347.5,30.94,26.44,0.0
1348.0,30.94,26.44,0.0
1348.5,30.94,26.5,0.0
1349.0,30.94,26.5,0.0
1349.5,30.94,26.5,0.0
1350.0,30.94,26.5,0.0
1350.5,30.94,26.5,0.0
1351.0,30.94,26.5,0.0
1351.5,30.94,26.2,0.0
1352.0,30.94,26.62,0.0
1352.5,30.94,26.62,0.0
1353.0,30.94,26.62,0.0
1353.5,30.94,26.62,0.0
1354.0,30.94,26.62,0.0
1354.5,30.94,26.69,0.0
1355.0,30.94,26.69,0.0
1355.5,30.94,26.75,0.0
1356.0,30.94,26.75,0.0
1356.5,30.94,26.81,0.0
1357.0,30.94,26.81,0.0
1357.5,30.94,26.81,0.0
1358.0,30.94,26.81,0.0
1358.5,30.94,26.81,0.0
1359.0,30.94,26.87,0.0
1359.5,30.94,26.87,0.0
1360.0,30.94,26.87,0.0
1360.5,30.94,26.87,0.0
1361.0,30.94,26.94,0.0
1361.5,30.94,26.94,0.0
1362.0,30.94,27.0,0.0
1362.5,30.94,27.0,0.0
1363.0,30.94,27.0,0.0
1363.5,30.94,27.0,0.0
1364.0,30.94,27.06,0.0
1364.5,30.94,27.06,0.0
1365.0,30.94,27.06,0.0
1365.5,30.94,27.06,0.0
1366.0,30.94,27.06,0.0
1366.5,30.94,27.12,0.0
1367.0,30.94,27.12,0.0
1367.5,30.94,27.12,0.0
1368.0,30.94,27.12,0.0
1368.5,30.94,27.12,0.0
1369.0,30.94,27.12,0.0
1369.5,30.94,27.19,0.0
1370.0,30.94,27.19,0.0
1370.5,30.94,27.25,0.0
1371.0,30.94,27.25,0.0
1371.5,30.94,27.25,0.0
1372.0,30.94,27.25,0.0
1372.5,30.94,27.25,0.0
1373.0,30.94,27.31,0.0
1373.5,30.94,27.31,0.0
1374.0,30.94,27.37,0.0
1374.5,30.94,27.37,0.0
1375.0,30.94,27.44,0.0
1375.5,30.94,27.44,0.0
1376.0,30.94,27.44,0.0
1376.5,30.94,27.44,0.0
1377.0,30.94,27.44,0.0
1377.5,30.94,27.44,0.0
1378.0,30.94,27.44,0.0
1378.5,30.4,27.44,0.0
1379.0,30.94,27.44,0.0
1379.5,30.94,27.5,0.0
1380.0,30.94,27.5,0.0
1380.5,30.94,27.5,0.0
1381.0,30.94,27.56,0.0
1381.5,30.94,27.56,0.0
1382.0,30.94,27.56,0.0
1382.5,30.94,27.62,0.0
1383.0,30.94,27.62,0.0
1383.5,30.94,27.62,0.0
1384.0,30.94,27.62,0.0
1384.5,30.94,27.62,0.0
1385.0,30.94,27.62,0.0
1385.5,30.94,27.69,0.0
1386.0,30.94,27.69,0.0
1386.5,30.94,27.69,0.0
1387.0,30.94,27.69,0.0
1387.5,30.94,27.69,0.0
1388.0,30.94,27.69,0.0
1388.5,30.94,27.75,0.0
1389.0,30.94,27.81,0.0
1389.5,30.94,27.81,0.0
1390.0,30.94,27.81,0.0
1390.5,30.94,27.81,0.0
1391.0,30.94,27.81,0.0
1391.5,30.94,27.81,0.0
1392.0,30.94,27.81,0.0
1392.5,30.94,27.87,0.0
1393.0,30.94,27.87,0.0
1393.5,30.94,27.87,0.0
1394.0,30.94,27.87,0.0
1394.5,30.94,27.87,0.0
1395.0,30.94,27.87,0.0
1395.5,30.94,27.87,0.0
1396.0,30.9,27.87,0.0
1396.5,30.94,27.87,0.0
1397.0,30.94,27.94,0.0
1397.5,30.94,27.94,0.0
1398.0,30.94,27.94,0.0
1398.5,30.94,28.0,0.0
1399.0,30.94,28.0,0.0
1399.5,30.94,28.0,0.0
1400.0,30.94,28.0,0.0
1400.5,30.94,28.0,0.0
1401.0,30.94,28.06,0.0
1401.5,30.94,28.06,0.0
1402.0,30.94,28.06,0.0
1402.5,30.94,28.06,0.0
1403.0,30.94,28.06,0.0
1403.5,30.94,28.6,0.0
1404.0,30.94,28.06,0.0
1404.5,30.94,28.06,0.0
1405.0,30.94,28.12,0.0
1405.5,30.94,28.12,0.0
1406.0,30.94,28.12,0.0
1406.5,30.94,28.12,0.0
1407.0,30.94,28.12,0.0
1407.5,30.94,28.12,0.0
1408.0,30.94,28.19,0.0
1408.5,30.94,28.19,0.0
1409.0,30.94,28.19,0.0
1409.5,30.94,28.19,0.0
1410.0,30.94,28.19,0.0
1410.5,30.94,28.19,0.0
1411.0,30.94,28.19,0.0
1411.5,30.94,28.19,0.0
1412.0,30.94,28.25,0.0
1412.5,30.94,28.25,0.0
1413.0,30.94,28.25,0.0
1413.5,30.94,28.25,0.0
1414.0,30.94,28.25,0.0
1414.5,30.94,28.31,0.0
1415.0,30.94,28.31,0.0
1415.5,30.94,28.31,0.0
1416.0,30.94,28.37,0.0
1416.5,30.94,28.37,0.0
1417.0,30.94,28.37,0.0
1417.5,30.94,28.37,0.0
1418.0,30.94,28.37,0.0
1418.5,30.94,28.37,0.0
1419.0,30.94,28.44,0.0
1419.5,30.94,28.44,0.0
1420.0,30.94,28.44,0.0
1420.5,30.94,28.44,0.0
1421.0,30.94,28.44,0.0
1421.5,30.94,28.44,0.0
1422.0,30.94,28.44,0.0
1422.5,30.94,28.44,0.0
1423.0,30.94,28.44,0.0
1423.5,30.94,28.44,0.0
1424.0,30.94,28.44,0.0
1424.5,30.94,28.5,0.0
1425.0,30.94,28.5,0.0
1425.5,30.94,28.5,0.0
1426.0,30.94,28.5,0.0
1426.5,30.94,28.5,0.0
1427.0,30.94,28.5,0.0
1427.5,30.94,28.5,0.0
1428.0,30.94,28.56,0.0
1428.5,30.94,28.56,0.0
1429.0,30.94,28.56,0.0
1429.5,30.94,28.56,0.0
1430.0,30.94,28.56,0.0
1430.5,30.94,28.56,0.0
1431.0,30.94,28.56,0.0
1431.5,30.94,28.56,0.0
1432.0,30.94,28.56,0.0
1432.5,30.94,28.56,0.0
1433.0,31.0,28.56,0.0
1433.5,31.0,28.56,0.0
1434.0,31.0,28.56,0.0
1434.5,31.0,28.56,0.0
1435.0,31.0,28.56,0.0
1435.5,31.0,28.62,0.0
1436.0,31.0,28.62,0.0
1436.5,31.0,28.62,0.0
1437.0,31.0,28.62,0.0
1437.5,31.0,28.62,0.0
1438.0,31.0,28.69,0.0
1438.5,31.0,28.69,0.0
1439.0,31.0,28.75,0.0
1439.5,31.0,28.75,0.0
1440.0,31.0,28.75,0.0
1440.5,31.0,28.75,0.0
1441.0,31.0,28.75,0.0
1441.5,31.0,28.75,0.0
1442.0,31.0,28.75,0.0
1442.5,31.0,28.75,0.0
1443.0,31.0,28.75,0.0
1443.5,31.0,28.75,0.0
1444.0,31.0,28.75,0.0
1444.5,31.0,28.75,0.0
1445.0,31.0,28.75,0.0
1445.5,31.0,28.75,0.0
1446.0,31.0,28.75,0.0
1446.5,31.0,28.75,0.0
1447.0,31.0,28.75,0.0
1447.5,31.0,28.75,0.0
1448.0,31.0,28.81,0.0
1448.5,31.0,28.81,0.0
1449.0,31.0,28.81,0.0
1449.5,30.94,28.81,0.0
1450.0,31.0,28.81,0.0
1450.5,31.0,28.81,0.0
1451.0,31.0,28.81,0.0
1451.5,31.0,28.81,0.0
1452.0,31.0,28.87,0.0
1452.5,31.0,28.87,0.0
1453.0,31.0,28.87,0.0
1453.5,31.0,28.87,0.0
1454.0,31.0,28.94,0.0
1454.5,31.0,28.94,0.0
1455.0,31.0,28.94,0.0
1455.5,31.0,28.94,0.0
1456.0,31.0,28.94,0.0
1456.5,31.0,28.94,0.0
1457.0,31.0,28.94,0.0
1457.5,31.0,28.94,0.0
1458.0,31.0,28.94,0.0
1458.5,31.0,28.94,0.0
1459.0,31.0,28.94,0.0
1459.5,31.0,28.94,0.0
1460.0,31.0,28.94,0.0
1460.5,31.0,28.94,0.0
1461.0,31.0,28.94,0.0
1461.5,31.0,28.94,0.0
1462.0,31.0,28.94,0.0
1462.5,31.0,28.94,0.0
1463.0,31.0,28.94,0.0
1463.5,31.0,28.94,0.0
1464.0,31.0,28.94,0.0
1464.5,31.0,29.0,0.0
1465.0,31.0,29.0,0.0
1465.5,31.0,29.0,0.0
1466.0,31.0,29.0,0.0
1466.5,31.0,29.0,0.0
1467.0,31.0,29.0,0.0
1467.5,31.0,29.0,0.0
1468.0,31.0,29.06,0.0
1468.5,31.0,29.06,0.0
1469.0,31.0,29.06,0.0
1469.5,31.0,29.6,0.0
1470.0,31.0,29.06,0.0
1470.5,31.0,29.06,0.0
1471.0,31.0,29.12,0.0
1471.5,31.0,29.12,0.0
1472.0,31.0,29.12,0.0
1472.5,31.0,29.12,0.0
1473.0,31.0,29.12,0.0
1473.5,31.0,29.12,0.0
1474.0,31.0,29.12,0.0
1474.5,31.0,29.12,0.0
1475.0,31.0,29.12,0.0
1475.5,31.0,29.12,0.0
1476.0,31.0,29.12,0.0
1476.5,31.0,29.12,0.0
1477.0,31.0,29.12,0.0
1477.5,31.0,29.12,0.0
1478.0,31.0,29.12,0.0
1478.5,31.0,29.12,0.0
1479.0,31.0,29.12,0.0
1479.5,31.0,29.12,0.0
1480.0,31.0,29.12,0.0
1480.5,31.0,29.19,0.0
1481.0,31.0,29.19,0.0
1481.5,31.0,29.19,0.0
1482.0,31.0,29.19,0.0
1482.5,31.0,29.19,0.0
1483.0,31.0,29.19,0.0
1483.5,31.0,29.19,0.0
1484.0,31.0,29.19,0.0
1484.5,31.0,29.19,0.0
1485.0,31.0,29.19,0.0
1485.5,31.0,29.19,0.0
1486.0,31.0,29.19,0.0
1486.5,31.0,29.19,0.0
1487.0,31.0,29.19,0.0
1487.5,31.0,29.19,0.0
1488.0,31.0,29.19,0.0
1488.5,31.0,29.25,0.0
1489.0,31.0,29.25,0.0
1489.5,31.0,29.25,0.0
1490.0,31.0,29.25,0.0
1490.5,31.0,29.25,0.0
1491.0,31.0,29.25,0.0
1491.5,31.0,29.25,0.0
1492.0,31.0,29.31,0.0
1492.5,31.0,29.31,0.0
1493.0,31.0,29.31,0.0
1493.5,31.0,29.31,0.0
1494.0,31.0,29.31,0.0
1494.5,31.0,29.31,0.0
1495.0,31.0,29.31,0.0
1495.5,31.0,29.31,0.0
1496.0,31.0,29.31,0.0
1496.5,31.0,29.31,0.0
1497.0,31.0,29.31,0.0
1497.5,31.0,29.31,0.0
1498.0,31.0,29.31,0.0
1498.5,31.0,29.31,0.0
1499.0,31.0,29.31,0.0
1499.5,31.0,29.31,0.0
1500.0,31.0,29.31,0.0
1500.5,31.0,29.31,0.0
1501.0,31.0,29.31,0.0
1501.5,31.0,29.31,0.0
1502.0,31.0,29.31,0.0
1502.5,31.0,29.37,0.0
1503.0,31.0,29.37,0.0
1503.5,31.06,29.37,0.0
1504.0,31.06,29.37,0.0
1504.5,31.06,29.37,0.0
1505.0,31.06,29.37,0.0
1505.5,31.06,29.37,0.0
1506.0,31.06,29.37,0.0
1506.5,31.06,29.44,0.0
1507.0,31.06,29.44,0.0
1507.5,31.06,29.44,0.0
1508.0,31.06,29.44,0.0
1508.5,31.06,29.44,0.0
1509.0,31.06,29.44,0.0
1509.5,31.06,29.44,0.0
1510.0,31.06,29.44,0.0
1510.5,31.06,29.44,0.0
1511.0,31.06,29.44,0.0
1511.5,31.06,29.44,0.0
1512.0,31.06,29.44,0.0
1512.5,31.06,29.44,0.0
1513.0,31.06,29.44,0.0
1513.5,31.06,29.44,0.0
1514.0,31.06,29.44,0.0
1514.5,31.06,29.44,0.0
1515.0,31.06,29.5,0.0
1515.5,31.06,29.5,0.0
1516.0,31.06,29.5,0.0
1516.5,31.06,29.5,0.0
1517.0,31.06,29.5,0.0
1517.5,31.06,29.5,0.0
1518.0,31.06,29.5,0.0
1518.5,31.06,29.5,0.0
1519.0,31.06,29.5,0.0
1519.5,31.06,29.5,0.0
1520.0,31.06,29.5,0.0
1520.5,31.06,29.5,0.0
1521.0,31.06,29.5,0.0
1521.5,31.06,29.5,0.0
1522.0,31.06,29.5,0.0
1522.5,31.06,29.5,0.0
1523.0,31.06,29.5,0.0
1523.5,31.06,29.5,0.0
1524.0,31.06,29.5,0.0
1524.5,31.06,29.5,0.0
1525.0,31.06,29.5,0.0
1525.5,31.06,29.5,0.0
1526.0,31.06,29.56,0.0
1526.5,31.06,29.56,0.0
1527.0,31.06,29.56,0.0
1527.5,31.06,29.56,0.0
1528.0,31.06,29.56,0.0
1528.5,31.06,29.56,0.0
1529.0,31.06,29.56,0.0
1529.5,31.06,29.56,0.0
1530.0,31.06,29.56,0.0
1530.5,31.06,29.56,0.0
1531.0,31.06,29.56,0.0
1531.5,31.0,29.56,0.0
1532.0,31.06,29.56,0.0
1532.5,31.06,29.56,0.0
1533.0,31.06,29.56,0.0
1533.5,31.06,29.56,0.0
1534.0,31.06,29.62,0.0
1534.5,31.06,29.62,0.0
1535.0,31.06,29.62,0.0
1535.5,31.06,29.62,0.0
1536.0,31.06,29.62,0.0
1536.5,31.06,29.62,0.0
1537.0,31.06,29.62,0.0
1537.5,31.06,29.62,0.0
1538.0,31.06,29.62,0.0
1538.5,31.06,29.62,0.0
1539.0,31.06,29.62,0.0
1539.5,31.06,29.62,0.0
1540.0,31.06,29.62,0.0
1540.5,31.06,29.62,0.0
1541.0,31.06,29.69,0.0
1541.5,31.06,29.69,0.0
1542.0,31.06,29.69,0.0
1542.5,31.06,29.69,0.0
1543.0,31.06,29.69,0.0
1543.5,31.06,29.69,0.0
1544.0,31.06,29.69,0.0
1544.5,31.06,29.69,0.0
1545.0,31.06,29.69,0.0
1545.5,31.06,29.69,0.0
1546.0,31.06,29.69,0.0
1546.5,31.06,29.69,0.0
1547.0,31.06,29.69,0.0
1547.5,31.06,29.69,0.0
1548.0,31.06,29.69,0.0
1548.5,31.06,29.69,0.0
1549.0,31.06,29.69,0.0
1549.5,31.06,29.69,0.0
1550.0,31.06,29.69,0.0
1550.5,31.06,29.69,0.0
1551.0,31.06,29.69,0.0
1551.5,31.06,29.69,0.0
1552.0,31.06,29.69,0.0
1552.5,31.06,29.69,0.0
1553.0,31.06,29.69,0.0
1553.5,31.06,29.69,0.0
1554.0,31.06,29.69,0.0
1554.5,31.06,29.69,0.0
1555.0,31.06,29.69,0.0
1555.5,31.06,29.69,0.0
1556.0,31.06,29.69,0.0
1556.5,31.06,29.69,0.0
1557.0,31.06,29.69,0.0
1557.5,31.06,29.69,0.0
1558.0,31.06,29.69,0.0
1558.5,31.06,29.69,0.0
1559.0,31.06,29.69,0.0
1559.5,31.06,29.75,0.0
1560.0,31.06,29.75,0.0
1560.5,31.06,29.75,0.0
1561.0,31.06,29.75,0.0
1561.5,31.06,29.75,0.0
1562.0,31.06,29.75,0.0
1562.5,31.06,29.75,0.0
1563.0,31.06,29.75,0.0
1563.5,31.06,29.75,0.0
1564.0,31.06,29.75,0.0
1564.5,31.06,29.75,0.0
1565.0,31.06,29.75,0.0
1565.5,31.06,29.75,0.0
1566.0,31.06,29.75,0.0
1566.5,31.06,29.75,0.0
1567.0,31.06,29.75,0.0
1567.5,31.06,29.75,0.0
1568.0,31.06,29.75,0.0
1568.5,31.06,29.81,0.0
1569.0,31.06,29.81,0.0
1569.5,31.06,29.81,0.0
1570.0,31.06,29.81,0.0
1570.5,31.06,29.81,0.0
1571.0,31.06,29.81,0.0
1571.5,31.06,29.81,0.0
1572.0,31.06,29.81,0.0
1572.5,31.06,29.81,0.0
1573.0,31.06,29.81,0.0
1573.5,31.06,29.81,0.0
1574.0,31.06,29.81,0.0
1574.5,31.06,29.81,0.0
1575.0,31.06,29.81,0.0
1575.5,31.06,29.81,0.0
1576.0,31.06,29.81,0.0
1576.5,31.06,29.81,0.0
1577.0,31.06,29.81,0.0
1577.5,31.06,29.81,0.0
1578.0,31.06,29.81,0.0
1578.5,31.06,29.81,0.0
1579.0,31.06,29.81,0.0
1579.5,31.06,29.81,0.0
1580.0,31.06,29.81,0.0
1580.5,31.06,29.81,0.0
1581.0,31.06,29.81,0.0
1581.5,31.06,29.81,0.0
1582.0,31.06,29.81,0.0
1582.5,31.06,29.81,0.0
1583.0,31.06,29.81,0.0
1583.5,31.06,29.81,0.0
1584.0,3106.0,29.87,0.0
1584.5,31.06,29.87,0.0
1585.0,31.06,29.87,0.0
1585.5,31.06,29.87,0.0
1586.0,31.06,29.87,0.0
1586.5,31.06,29.87,0.0
1587.0,31.06,29.87,0.0
1587.5,31.06,29.87,0.0
1588.0,31.06,29.87,0.0
1588.5,31.06,29.87,0.0
1589.0,31.06,29.87,0.0
1589.5,31.06,29.87,0.0
1590.0,31.06,29.87,0.0
1590.5,31.06,29.87,0.0
1591.0,31.06,29.87,0.0
1591.5,31.06,29.87,0.0
1592.0,31.06,29.87,0.0
1592.5,31.06,29.87,0.0
1593.0,31.06,29.87,0.0
1593.5,31.06,29.87,0.0
1594.0,31.06,29.87,0.0
1594.5,31.06,29.87,0.0
1595.0,31.06,29.87,0.0
1595.5,31.06,29.87,0.0
1596.0,31.06,29.87,0.0
1596.5,31.06,29.87,0.0
1597.0,31.06,29.87,0.0
1597.5,31.06,29.87,0.0
1598.0,31.06,29.87,0.0
1598.5,31.06,29.94,0.0
1599.0,31.06,29.94,0.0
1599.5,31.06,29.94,0.0
1600.0,31.06,29.94,0.0
1600.5,31.06,29.94,0.0
1601.0,31.06,29.94,0.0
1601.5,31.06,29.94,0.0
1602.0,31.06,29.94,0.0
1602.5,31.0,29.94,0.0
1603.0,31.06,29.94,0.0
1603.5,31.06,29.94,0.0
1604.0,31.06,29.94,0.0
1604.5,31.06,29.94,0.0
1605.0,31.06,29.94,0.0
1605.5,31.06,29.94,0.0
1606.0,31.06,29.94,0.0
1606.5,31.06,30.0,0.0
1607.0,31.06,30.0,0.0
1607.5,31.06,30.0,0.0
1608.0,31.12,30.0,0.0
1608.5,31.12,30.0,0.0
1609.0,31.12,30.0,0.0
1609.5,31.12,30.0,0.0
1610.0,31.12,30.0,0.0
1610.5,31.12,30.0,0.0
1611.0,31.12,30.0,0.0
1611.5,31.12,30.0,0.0
1612.0,31.12,30.0,0.0
1612.5,31.12,30.0,0.0
1613.0,31.12,30.0,0.0
1613.5,31.12,30.0,0.0
1614.0,31.12,30.0,0.0
1614.5,31.12,30.0,0.0
1615.0,31.12,30.0,0.0
1615.5,31.12,30.0,0.0
1616.0,31.12,30.0,0.0
1616.5,31.12,30.0,0.0
1617.0,31.12,30.0,0.0
1617.5,31.12,30.0,0.0
1618.0,31.12,30.0,0.0
1618.5,31.12,30.0,0.0
1619.0,31.12,30.0,0.0
1619.5,31.12,30.0,0.0
1620.0,31.12,30.0,0.0
1620.5,31.12,30.0,0.0
1621.0,31.12,30.0,0.0
1621.5,31.12,30.0,0.0
1622.0,31.12,30.0,0.0
1622.5,31.12,30.0,0.0
1623.0,31.12,30.0,0.0
1623.5,31.12,30.0,0.0
1624.0,31.12,30.0,0.0
1624.5,31.12,30.0,0.0
1625.0,31.12,30.0,0.0
1625.5,31.12,30.0,0.0
1626.0,31.12,30.0,0.0
1626.5,31.12,30.0,0.0
1627.0,31.12,30.0,0.0
1627.5,31.12,30.0,0.0
1628.0,31.12,30.06,0.0
1628.5,31.12,30.06,0.0
1629.0,31.12,3006.0,0.0
1629.5,31.12,30.06,0.0
1630.0,31.12,3006.0,0.0
1630.5,31.12,30.06,0.0
1631.0,31.12,30.06,0.0
1631.5,31.12,30.06,0.0
1632.0,31.12,30.06,0.0
1632.5,31.12,30.06,0.0
1633.0,31.12,30.06,0.0
1633.5,31.12,30.06,0.0
1634.0,31.12,30.06,0.0
1634.5,31.12,30.06,0.0
1635.0,31.12,30.06,0.0
1635.5,31.12,30.06,0.0
1636.0,31.12,30.06,0.0
1636.5,31.12,30.06,0.0
1637.0,31.12,30.06,0.0
1637.5,31.12,30.06,0.0
1638.0,31.12,30.06,0.0
1638.5,31.12,30.06,0.0
1639.0,31.12,30.06,0.0
1639.5,31.12,30.06,0.0
1640.0,31.12,30.06,0.0
1640.5,31.12,30.06,0.0
1641.0,31.12,30.06,0.0
1641.5,31.12,30.06,0.0
1642.0,31.12,30.06,0.0
1642.5,31.12,30.06,0.0
1643.0,31.12,30.06,0.0
1643.5,31.12,30.12,0.0
1644.0,31.12,30.12,0.0
1644.5,31.12,30.12,0.0
1645.0,31.12,30.12,0.0
1645.5,31.12,30.12,0.0
1646.0,31.12,30.12,0.0
1646.5,31.12,30.12,0.0
1647.0,31.12,30.12,0.0
1647.5,31.12,30.12,0.0
1648.0,31.12,30.12,0.0
1648.5,31.12,30.12,0.0
1649.0,31.12,30.12,0.0
1649.5,31.12,30.12,0.0
1650.0,31.12,30.12,0.0
1650.5,31.12,30.12,0.0
1651.0,31.12,30.12,0.0
1651.5,31.12,30.12,0.0
1652.0,31.12,30.12,0.0
1652.5,31.12,30.12,0.0
1653.0,31.12,30.12,0.0
1653.5,31.12,30.12,0.0
1654.0,31.12,30.12,0.0
1654.5,31.12,30.12,0.0
1655.0,31.12,30.12,0.0
1655.5,31.12,30.12,0.0
1656.0,31.12,30.12,0.0
1656.5,31.12,30.12,0.0
1657.0,31.12,30.12,0.0
1657.5,31.12,30.12,0.0
1658.0,31.12,30.12,0.0
1658.5,31.12,30.12,0.0
1659.0,31.12,30.12,0.0
1659.5,31.12,30.12,0.0
1660.0,31.12,30.12,0.0
1660.5,31.12,30.12,0.0
1661.0,31.12,30.12,0.0
1661.5,31.12,30.12,0.0
1662.0,31.12,30.12,0.0
1662.5,31.12,30.12,0.0
1663.0,31.12,30.12,0.0
1663.5,31.12,30.12,0.0
1664.0,31.12,30.12,0.0
1664.5,31.12,30.12,0.0
1665.0,31.12,30.12,0.0
1665.5,31.12,30.12,0.0
1666.0,31.12,30.12,0.0
1666.5,31.12,30.12,0.0
1667.0,31.12,30.12,0.0
1667.5,31.12,30.12,0.0
1668.0,31.12,30.12,0.0
1668.5,31.12,30.12,0.0
1669.0,31.12,30.12,0.0
1669.5,31.12,30.12,0.0
1670.0,31.12,30.12,0.0
1670.5,31.12,30.12,0.0
1671.0,31.12,30.12,0.0
1671.5,31.12,30.12,0.0
1672.0,31.12,30.12,0.0
1672.5,31.12,30.12,0.0
1673.0,31.12,30.12,0.0
1673.5,31.12,30.12,0.0
1674.0,31.12,30.12,0.0
1674.5,31.12,30.19,0.0
1675.0,31.12,30.19,0.0
1675.5,31.12,30.19,0.0
1676.0,31.12,30.19,0.0
1676.5,31.12,30.19,0.0
1677.0,31.12,30.19,0.0
1677.5,31.12,30.19,0.0
1678.0,31.12,30.19,0.0
1678.5,31.12,30.19,0.0
1679.0,31.12,30.19,0.0
1679.5,31.12,30.19,0.0
1680.0,31.12,30.19,0.0
1680.5,31.12,30.19,0.0
1681.0,31.12,30.19,0.0
1681.5,31.12,30.19,0.0
1682.0,31.12,30.19,0.0
1682.5,31.12,30.19,0.0
1683.0,31.12,30.19,0.0
1683.5,31.12,30.19,0.0
1684.0,31.12,30.19,0.0
1684.5,31.12,30.19,0.0
1685.0,31.12,30.19,0.0
1685.5,31.12,30.19,0.0
1686.0,31.12,30.19,0.0
1686.5,31.12,30.19,0.0
1687.0,31.12,30.25,0.0
1687.5,31.12,30.25,0.0
1688.0,31.12,30.25,0.0
1688.5,31.12,30.25,0.0
1689.0,31.12,30.25,0.0
1689.5,31.12,30.25,0.0
1690.0,31.12,30.25,0.0
1690.5,31.12,30.25,0.0
1691.0,31.12,30.25,0.0
1691.5,31.12,30.25,0.0
1692.0,31.12,30.25,0.0
1692.5,31.12,30.25,0.0
1693.0,31.12,30.25,0.0
1693.5,31.12,30.25,0.0
1694.0,31.12,30.25,0.0
1694.5,31.12,30.25,0.0
1695.0,31.12,30.25,0.0
1695.5,31.12,30.25,0.0
1696.0,31.12,30.25,0.0
1696.5,31.12,30.25,0.0
1697.0,31.12,30.25,0.0
1697.5,31.12,30.25,0.0
1698.0,31.12,30.25,0.0
1698.5,31.12,30.25,0.0
1699.0,31.12,30.25,0.0
1699.5,31.12,30.25,0.0
1700.0,31.12,30.25,0.0
1700.5,31.12,30.25,0.0
1701.0,31.12,30.25,0.0
1701.5,31.12,30.25,0.0
1702.0,31.12,30.25,0.0
1702.5,31.12,30.25,0.0
1703.0,31.12,30.25,0.0
1703.5,31.12,30.25,0.0
1704.0,31.12,30.25,0.0
1704.5,31.12,30.25,0.0
1705.0,31.12,30.25,0.0
1705.5,31.12,30.25,0.0
1706.0,31.12,30.25,0.0
1706.5,31.12,30.25,0.0
1707.0,31.12,30.25,0.0
1707.5,31.12,30.25,0.0
1708.0,31.12,30.25,0.0
1708.5,31.12,30.25,0.0
1709.0,31.12,30.25,0.0
1709.5,31.12,30.25,0.0
1710.0,31.12,30.25,0.0
1710.5,31.12,30.25,0.0
1711.0,31.19,30.25,0.0
1711.5,31.19,30.25,0.0
1712.0,31.25,30.25,0.0
1712.5,31.19,30.25,0.0
1713.0,31.19,30.25,0.0
1713.5,31.12,30.25,0.0
1714.0,31.12,30.25,0.0
1714.5,31.12,30.25,0.0
1715.0,31.12,30.25,0.0
1715.5,31.12,30.25,0.0
1716.0,31.12,30.25,0.0
1716.5,31.12,30.25,0.0
1717.0,31.12,30.25,0.0
1717.5,31.12,30.2,0.0
1718.0,31.12,30.31,0.0
1718.5,31.12,30.31,0.0
1719.0,31.12,30.31,0.0
1719.5,31.12,30.31,0.0
1720.0,31.12,30.31,0.0
1720.5,31.12,30.31,0.0
1721.0,31.12,30.31,0.0
1721.5,31.12,30.31,0.0
1722.0,31.12,30.31,0.0
1722.5,31.12,30.31,0.0
1723.0,31.12,30.31,0.0
1723.5,31.12,30.31,0.0
1724.0,31.12,30.31,0.0
1724.5,31.12,30.31,0.0
1725.0,31.12,30.31,0.0
1725.5,31.12,30.31,0.0
1726.0,31.12,30.31,0.0
1726.5,31.12,30.31,0.0
1727.0,31.12,30.31,0.0
1727.5,31.12,30.31,0.0
1728.0,31.12,30.31,0.0
1728.5,31.12,30.31,0.0
1729.0,31.12,30.31,0.0
1729.5,31.12,30.31,0.0
1730.0,31.12,30.31,0.0
1730.5,31.12,30.31,0.0
1731.0,31.12,30.31,0.0
1731.5,31.12,30.31,0.0
1732.0,31.12,30.31,0.0
1732.5,31.12,30.31,0.0
1733.0,31.12,30.31,0.0
1733.5,31.12,30.31,0.0
1734.0,31.12,30.31,0.0
1734.5,31.12,30.31,0.0
1735.0,31.12,30.31,0.0
1735.5,31.12,30.31,0.0
1736.0,31.12,30.31,0.0
1736.5,31.12,30.31,0.0
1737.0,31.12,30.31,0.0
1737.5,31.12,30.31,0.0
1738.0,31.12,30.31,0.0
1738.5,31.12,30.31,0.0
1739.0,31.12,30.31,0.0
1739.5,31.12,30.31,0.0
1740.0,31.12,30.31,0.0
1740.5,31.12,30.31,0.0
1741.0,31.12,30.31,0.0
1741.5,31.12,30.31,0.0
1742.0,31.12,30.31,0.0
1742.5,31.12,30.31,0.0
1743.0,31.12,30.31,0.0
1743.5,31.12,30.31,0.0
1744.0,31.12,30.31,0.0
1744.5,31.12,30.31,0.0
1745.0,31.12,30.31,0.0
1745.5,31.12,30.31,0.0
1746.0,31.12,30.31,0.0
1746.5,31.12,30.31,0.0
1747.0,31.12,30.31,0.0
1747.5,31.12,30.31,0.0
1748.0,31.12,30.31,0.0
1748.5,31.12,30.31,0.0
1749.0,31.12,30.31,0.0
1749.5,31.12,30.31,0.0
1750.0,31.12,30.31,0.0
1750.5,31.12,30.31,0.0
1751.0,31.12,30.31,0.0
1751.5,31.12,30.31,0.0
1752.0,31.12,30.31,0.0
1752.5,31.12,30.31,0.0
1753.0,31.12,30.31,0.0
1753.5,31.12,30.31,0.0
1754.0,31.19,30.31,0.0
1754.5,31.19,30.37,0.0
1755.0,31.19,30.37,0.0
1755.5,31.19,30.37,0.0
1756.0,31.19,30.37,0.0
1756.5,31.19,30.37,0.0
1757.0,31.19,30.37,0.0
1757.5,31.19,30.37,0.0
